29.535827664399093,0,
29.535873015873015,0,
29.535918367346937,0,
29.535963718820863,0,
29.536009070294785,0,
29.536054421768707,0,
29.53609977324263,0,
29.536145124716555,0,
29.536190476190477,0,
29.5362358276644,0,
29.53628117913832,0,
29.536326530612246,0,
29.53637188208617,0,
29.53641723356009,0,
29.536462585034013,0,
29.536507936507938,0,
29.53655328798186,0,
29.536598639455782,0,
29.536643990929704,0,
29.53668934240363,0,
29.536734693877552,0,
29.536780045351474,0,
29.536825396825396,0,
29.536870748299318,0,
29.536916099773244,0,
29.536961451247166,0,
29.537006802721088,0,
29.53705215419501,0,
29.537097505668935,0,
29.537142857142857,0,
29.53718820861678,0,
29.5372335600907,0,
29.537278911564627,0,
29.53732426303855,0,
29.53736961451247,0,
29.537414965986393,0,
29.53746031746032,0,
29.53750566893424,0,
29.537551020408163,0,
29.537596371882085,0,
29.53764172335601,0,
29.537687074829932,0,
29.537732426303855,0,
29.537777777777777,0,
29.537823129251702,0,
29.537868480725624,0,
29.537913832199546,0,
29.53795918367347,0,
29.538004535147394,0,
29.538049886621316,0,
29.538095238095238,0,
29.53814058956916,0,
29.538185941043086,0,
29.538231292517008,0,
29.53827664399093,0,
29.53832199546485,0,
29.538367346938774,0,
29.5384126984127,0,
29.53845804988662,0,
29.538503401360543,0,
29.538548752834465,0,
29.53859410430839,0,
29.538639455782313,0,
29.538684807256235,0,
29.538730158730157,0,
29.538775510204083,0,
29.538820861678005,0,
29.538866213151927,0,
29.53891156462585,0,
29.538956916099774,0,
29.539002267573697,0,
29.53904761904762,0,
29.53909297052154,0,
29.539138321995466,0,
29.53918367346939,0,
29.53922902494331,0,
29.539274376417232,0,
29.539319727891158,0,
29.53936507936508,0,
29.539410430839002,0,
29.539455782312924,0,
29.53950113378685,0,
29.53954648526077,0,
29.539591836734694,0,
29.539637188208616,0,
29.53968253968254,0,
29.539727891156463,0,
29.539773242630385,0,
29.539818594104307,0,
29.539863945578233,0,
29.539909297052155,0,
29.539954648526077,0,
29.54,0,
29.54004535147392,0,
29.540090702947847,0,
29.54013605442177,0,
29.54018140589569,0,
29.540226757369613,0,
29.54027210884354,0,
29.54031746031746,0,
29.540362811791383,0,
29.540408163265305,0,
29.54045351473923,0,
29.540498866213152,0,
29.540544217687074,0,
29.540589569160996,0,
29.540634920634922,0,
29.540680272108844,0,
29.540725623582766,0,
29.540770975056688,0,
29.540816326530614,0,
29.540861678004536,0,
29.540907029478458,0,
29.54095238095238,0,
29.540997732426305,0,
29.541043083900227,0,
29.54108843537415,0,
29.54113378684807,0,
29.541179138321997,0,
29.54122448979592,0,
29.54126984126984,0,
29.541315192743763,0,
29.54136054421769,0,
29.54140589569161,0,
29.541451247165533,0,
29.541496598639455,0,
29.541541950113377,0,
29.541587301587303,0,
29.541632653061225,0,
29.541678004535147,0,
29.54172335600907,0,
29.541768707482994,0,
29.541814058956916,0,
29.54185941043084,0,
29.54190476190476,0,
29.541950113378686,0,
29.541995464852608,0,
29.54204081632653,0,
29.542086167800452,0,
29.542131519274378,0,
29.5421768707483,0,
29.54222222222222,0,
29.542267573696144,0,
29.54231292517007,0,
29.54235827664399,0,
29.542403628117913,0,
29.542448979591835,0,
29.54249433106576,0,
29.542539682539683,0,
29.542585034013605,0,
29.542630385487527,0,
29.542675736961453,0,
29.542721088435375,0,
29.542766439909297,0,
29.54281179138322,0,
29.542857142857144,0,
29.542902494331067,0,
29.54294784580499,0,
29.54299319727891,0,
29.543038548752836,0,
29.54308390022676,0,
29.54312925170068,0,
29.543174603174602,0,
29.543219954648524,0,
29.54326530612245,0,
29.543310657596372,0,
29.543356009070294,0,
29.543401360544216,0,
29.54344671201814,0,
29.543492063492064,0,
29.543537414965986,0,
29.543582766439908,0,
29.543628117913833,0,
29.543673469387755,0,
29.543718820861677,0,
29.5437641723356,0,
29.543809523809525,0,
29.543854875283447,0,
29.54390022675737,0,
29.54394557823129,0,
29.543990929705217,0,
29.54403628117914,0,
29.54408163265306,0,
29.544126984126983,0,
29.54417233560091,0,
29.54421768707483,0,
29.544263038548753,0,
29.544308390022675,0,
29.5443537414966,0,
29.544399092970522,0,
29.544444444444444,0,
29.544489795918366,0,
29.544535147392292,0,
29.544580498866214,0,
29.544625850340136,0,
29.544671201814058,0,
29.544716553287984,0,
29.544761904761906,0,
29.544807256235828,0,
29.54485260770975,0,
29.544897959183672,0,
29.544943310657597,0,
29.54498866213152,0,
29.54503401360544,0,
29.545079365079363,0,
29.54512471655329,0,
29.54517006802721,0,
29.545215419501133,0,
29.545260770975055,0,
29.54530612244898,0,
29.545351473922903,0,
29.545396825396825,0,
29.545442176870747,0,
29.545487528344673,0,
29.545532879818595,0,
29.545578231292517,0,
29.54562358276644,0,
29.545668934240364,0,
29.545714285714286,0,
29.54575963718821,0,
29.54580498866213,0,
29.545850340136056,0,
29.545895691609978,0,
29.5459410430839,0,
29.545986394557822,0,
29.546031746031748,0,
29.54607709750567,0,
29.54612244897959,0,
29.546167800453514,0,
29.54621315192744,0,
29.54625850340136,0,
29.546303854875283,0,
29.546349206349205,0,
29.546394557823128,0,
29.546439909297053,0,
29.546485260770975,0,
29.546530612244897,0,
29.54657596371882,0,
29.546621315192745,0,
29.546666666666667,0,
29.54671201814059,0,
29.54675736961451,0,
29.546802721088437,0,
29.54684807256236,0,
29.54689342403628,0,
29.546938775510203,0,
29.54698412698413,0,
29.54702947845805,0,
29.547074829931972,0,
29.547120181405894,0,
29.54716553287982,0,
29.547210884353742,0,
29.547256235827664,0,
29.547301587301586,0,
29.54734693877551,0,
29.547392290249434,0,
29.547437641723356,0,
29.547482993197278,0,
29.547528344671203,0,
29.547573696145125,0,
29.547619047619047,0,
29.54766439909297,0,
29.547709750566895,0,
29.547755102040817,0,
29.54780045351474,0,
29.54784580498866,0,
29.547891156462587,0,
29.54793650793651,0,
29.54798185941043,0,
29.548027210884353,0,
29.548072562358275,0,
29.5481179138322,0,
29.548163265306123,0,
29.548208616780045,0,
29.548253968253967,0,
29.548299319727892,0,
29.548344671201814,0,
29.548390022675736,0,
29.54843537414966,0,
29.548480725623584,0,
29.548526077097506,0,
29.548571428571428,0,
29.54861678004535,0,
29.548662131519276,0,
29.548707482993198,0,
29.54875283446712,0,
29.548798185941042,0,
29.548843537414967,0,
29.54888888888889,0,
29.54893424036281,0,
29.548979591836734,0,
29.54902494331066,0,
29.54907029478458,0,
29.549115646258503,0,
29.549160997732425,0,
29.54920634920635,0,
29.549251700680273,0,
29.549297052154195,0,
29.549342403628117,0,
29.549387755102043,0,
29.549433106575965,0,
29.549478458049887,0,
29.54952380952381,0,
29.54956916099773,0,
29.549614512471656,0,
29.54965986394558,0,
29.5497052154195,0,
29.549750566893422,0,
29.549795918367348,0,
29.54984126984127,0,
29.549886621315192,0,
29.549931972789114,0,
29.54997732426304,0,
29.55002267573696,0,
29.550068027210884,0,
29.550113378684806,0,
29.55015873015873,0,
29.550204081632653,0,
29.550249433106575,0,
29.550294784580498,0,
29.550340136054423,0,
29.550385487528345,0,
29.550430839002267,0,
29.55047619047619,0,
29.550521541950115,0,
29.550566893424037,0,
29.55061224489796,0,
29.55065759637188,0,
29.550702947845807,0,
29.55074829931973,0,
29.55079365079365,0,
29.550839002267573,0,
29.5508843537415,0,
29.55092970521542,0,
29.550975056689342,0,
29.551020408163264,0,
29.55106575963719,0,
29.551111111111112,0,
29.551156462585034,0,
29.551201814058956,0,
29.551247165532878,0,
29.551292517006804,0,
29.551337868480726,0,
29.551383219954648,0,
29.55142857142857,0,
29.551473922902495,0,
29.551519274376417,0,
29.55156462585034,0,
29.55160997732426,0,
29.551655328798187,0,
29.55170068027211,0,
29.55174603174603,0,
29.551791383219953,0,
29.55183673469388,0,
29.5518820861678,0,
29.551927437641723,0,
29.551972789115645,0,
29.55201814058957,0,
29.552063492063493,0,
29.552108843537415,0,
29.552154195011337,0,
29.552199546485262,0,
29.552244897959184,0,
29.552290249433106,0,
29.55233560090703,0,
29.552380952380954,0,
29.552426303854876,0,
29.552471655328798,0,
29.55251700680272,0,
29.552562358276646,0,
29.552607709750568,0,
29.55265306122449,0,
29.552698412698412,0,
29.552743764172334,0,
29.55278911564626,0,
29.55283446712018,0,
29.552879818594104,0,
29.552925170068026,0,
29.55297052154195,0,
29.553015873015873,0,
29.553061224489795,0,
29.553106575963717,0,
29.553151927437643,0,
29.553197278911565,0,
29.553242630385487,0,
29.55328798185941,0,
29.553333333333335,0,
29.553378684807257,0,
29.55342403628118,0,
29.5534693877551,0,
29.553514739229026,0,
29.55356009070295,0,
29.55360544217687,0,
29.553650793650792,0,
29.553696145124718,0,
29.55374149659864,0,
29.553786848072562,0,
29.553832199546484,0,
29.55387755102041,0,
29.55392290249433,0,
29.553968253968254,0,
29.554013605442176,0,
29.5540589569161,0,
29.554104308390023,0,
29.554149659863945,0,
29.554195011337868,0,
29.554240362811793,0,
29.554285714285715,0,
29.554331065759637,0,
29.55437641723356,0,
29.55442176870748,0,
29.554467120181407,0,
29.55451247165533,0,
29.55455782312925,0,
29.554603174603173,0,
29.5546485260771,0,
29.55469387755102,0,
29.554739229024943,0,
29.554784580498865,0,
29.55482993197279,0,
29.554875283446712,0,
29.554920634920634,0,
29.554965986394556,0,
29.555011337868482,0,
29.555056689342404,0,
29.555102040816326,0,
29.555147392290248,0,
29.555192743764174,0,
29.555238095238096,0,
29.555283446712018,0,
29.55532879818594,0,
29.555374149659865,0,
29.555419501133787,0,
29.55546485260771,0,
29.55551020408163,0,
29.555555555555557,0,
29.55560090702948,0,
29.5556462585034,0,
29.555691609977323,0,
29.55573696145125,0,
29.55578231292517,0,
29.555827664399093,0,
29.555873015873015,0,
29.555918367346937,0,
29.555963718820863,0,
29.556009070294785,0,
29.556054421768707,0,
29.55609977324263,0,
29.556145124716554,0,
29.556190476190476,0,
29.5562358276644,0,
29.55628117913832,0,
29.556326530612246,0,
29.556371882086168,0,
29.55641723356009,0,
29.556462585034012,0,
29.556507936507938,0,
29.55655328798186,0,
29.556598639455782,0,
29.556643990929704,0,
29.55668934240363,0,
29.55673469387755,0,
29.556780045351474,0,
29.556825396825396,0,
29.55687074829932,0,
29.556916099773243,0,
29.556961451247165,0,
29.557006802721087,0,
29.557052154195013,0,
29.557097505668935,0,
29.557142857142857,0,
29.55718820861678,0,
29.557233560090705,0,
29.557278911564627,0,
29.55732426303855,0,
29.55736961451247,0,
29.557414965986396,0,
29.55746031746032,0,
29.55750566893424,0,
29.557551020408162,0,
29.557596371882084,0,
29.55764172335601,0,
29.557687074829932,0,
29.557732426303854,0,
29.557777777777776,0,
29.5578231292517,0,
29.557868480725624,0,
29.557913832199546,0,
29.557959183673468,0,
29.558004535147393,0,
29.558049886621315,0,
29.558095238095238,0,
29.55814058956916,0,
29.558185941043085,0,
29.558231292517007,0,
29.55827664399093,0,
29.55832199546485,0,
29.558367346938777,0,
29.5584126984127,0,
29.55845804988662,0,
29.558503401360543,0,
29.55854875283447,0,
29.55859410430839,0,
29.558639455782313,0,
29.558684807256235,0,
29.55873015873016,0,
29.558775510204082,0,
29.558820861678004,0,
29.558866213151926,0,
29.558911564625852,0,
29.558956916099774,0,
29.559002267573696,0,
29.559047619047618,0,
29.559092970521544,0,
29.559138321995466,0,
29.559183673469388,0,
29.55922902494331,0,
29.559274376417232,0,
29.559319727891157,0,
29.55936507936508,0,
29.559410430839,0,
29.559455782312924,0,
29.55950113378685,0,
29.55954648526077,0,
29.559591836734693,0,
29.559637188208615,0,
29.55968253968254,0,
29.559727891156463,0,
29.559773242630385,0,
29.559818594104307,0,
29.559863945578233,0,
29.559909297052155,0,
29.559954648526077,0,
29.56,0,
29.560045351473924,0,
29.560090702947846,0,
29.56013605442177,0,
29.56018140589569,0,
29.560226757369616,0,
29.560272108843538,0,
29.56031746031746,0,
29.560362811791382,0,
29.560408163265308,0,
29.56045351473923,0,
29.560498866213152,0,
29.560544217687074,0,
29.560589569161,0,
29.56063492063492,0,
29.560680272108844,0,
29.560725623582766,0,
29.560770975056688,0,
29.560816326530613,0,
29.560861678004535,0,
29.560907029478457,0,
29.56095238095238,0,
29.560997732426305,0,
29.561043083900227,0,
29.56108843537415,0,
29.56113378684807,0,
29.561179138321997,0,
29.56122448979592,0,
29.56126984126984,0,
29.561315192743763,0,
29.56136054421769,0,
29.56140589569161,0,
29.561451247165532,0,
29.561496598639454,0,
29.56154195011338,0,
29.561587301587302,0,
29.561632653061224,0,
29.561678004535146,0,
29.56172335600907,0,
29.561768707482994,0,
29.561814058956916,0,
29.561859410430838,0,
29.561904761904763,0,
29.561950113378686,0,
29.561995464852608,0,
29.56204081632653,0,
29.562086167800455,0,
29.562131519274377,0,
29.5621768707483,0,
29.56222222222222,0,
29.562267573696147,0,
29.56231292517007,0,
29.56235827664399,0,
29.562403628117913,0,
29.562448979591835,0,
29.56249433106576,0,
29.562539682539683,0,
29.562585034013605,0,
29.562630385487527,0,
29.562675736961452,0,
29.562721088435374,0,
29.562766439909296,0,
29.56281179138322,0,
29.562857142857144,0,
29.562902494331066,0,
29.562947845804988,0,
29.56299319727891,0,
29.563038548752836,0,
29.563083900226758,0,
29.56312925170068,0,
29.563174603174602,0,
29.563219954648527,0,
29.56326530612245,0,
29.56331065759637,0,
29.563356009070294,0,
29.56340136054422,0,
29.56344671201814,0,
29.563492063492063,0,
29.563537414965985,0,
29.56358276643991,0,
29.563628117913833,0,
29.563673469387755,0,
29.563718820861677,0,
29.563764172335603,0,
29.563809523809525,0,
29.563854875283447,0,
29.56390022675737,0,
29.56394557823129,0,
29.563990929705216,0,
29.56403628117914,0,
29.56408163265306,0,
29.564126984126982,0,
29.564172335600908,0,
29.56421768707483,0,
29.564263038548752,0,
29.564308390022674,0,
29.5643537414966,0,
29.564399092970522,0,
29.564444444444444,0,
29.564489795918366,0,
29.56453514739229,0,
29.564580498866214,0,
29.564625850340136,0,
29.564671201814058,0,
29.564716553287983,0,
29.564761904761905,0,
29.564807256235827,0,
29.56485260770975,0,
29.564897959183675,0,
29.564943310657597,0,
29.56498866213152,0,
29.56503401360544,0,
29.565079365079367,0,
29.56512471655329,0,
29.56517006802721,0,
29.565215419501133,0,
29.56526077097506,0,
29.56530612244898,0,
29.565351473922902,0,
29.565396825396824,0,
29.56544217687075,0,
29.565487528344672,0,
29.565532879818594,0,
29.565578231292516,0,
29.565623582766438,0,
29.565668934240364,0,
29.565714285714286,0,
29.565759637188208,0,
29.56580498866213,0,
29.565850340136056,0,
29.565895691609978,0,
29.5659410430839,0,
29.56598639455782,0,
29.566031746031747,0,
29.56607709750567,0,
29.56612244897959,0,
29.566167800453513,0,
29.56621315192744,0,
29.56625850340136,0,
29.566303854875283,0,
29.566349206349205,0,
29.56639455782313,0,
29.566439909297053,0,
29.566485260770975,0,
29.566530612244897,0,
29.566575963718822,0,
29.566621315192744,0,
29.566666666666666,0,
29.56671201814059,0,
29.566757369614514,0,
29.566802721088436,0,
29.566848072562358,0,
29.56689342403628,0,
29.566938775510206,0,
29.566984126984128,0,
29.56702947845805,0,
29.567074829931972,0,
29.567120181405894,0,
29.56716553287982,0,
29.56721088435374,0,
29.567256235827664,0,
29.567301587301586,0,
29.56734693877551,0,
29.567392290249433,0,
29.567437641723355,0,
29.567482993197277,0,
29.567528344671203,0,
29.567573696145125,0,
29.567619047619047,0,
29.56766439909297,0,
29.567709750566895,0,
29.567755102040817,0,
29.56780045351474,0,
29.56784580498866,0,
29.567891156462586,0,
29.56793650793651,0,
29.56798185941043,0,
29.568027210884352,0,
29.568072562358278,0,
29.5681179138322,0,
29.568163265306122,0,
29.568208616780044,0,
29.56825396825397,0,
29.568299319727892,0,
29.568344671201814,0,
29.568390022675736,0,
29.56843537414966,0,
29.568480725623584,0,
29.568526077097506,0,
29.568571428571428,0,
29.568616780045353,0,
29.568662131519275,0,
29.568707482993197,0,
29.56875283446712,0,
29.56879818594104,0,
29.568843537414967,0,
29.56888888888889,0,
29.56893424036281,0,
29.568979591836733,0,
29.56902494331066,0,
29.56907029478458,0,
29.569115646258503,0,
29.569160997732425,0,
29.56920634920635,0,
29.569251700680272,0,
29.569297052154194,0,
29.569342403628117,0,
29.569387755102042,0,
29.569433106575964,0,
29.569478458049886,0,
29.569523809523808,0,
29.569569160997734,0,
29.569614512471656,0,
29.569659863945578,0,
29.5697052154195,0,
29.569750566893426,0,
29.569795918367348,0,
29.56984126984127,0,
29.56988662131519,0,
29.569931972789117,0,
29.56997732426304,0,
29.57002267573696,0,
29.570068027210883,0,
29.57011337868481,0,
29.57015873015873,0,
29.570204081632653,0,
29.570249433106575,0,
29.570294784580497,0,
29.570340136054423,0,
29.570385487528345,0,
29.570430839002267,0,
29.57047619047619,0,
29.570521541950114,0,
29.570566893424036,0,
29.57061224489796,0,
29.57065759637188,0,
29.570702947845806,0,
29.570748299319728,0,
29.57079365079365,0,
29.570839002267572,0,
29.570884353741498,0,
29.57092970521542,0,
29.570975056689342,0,
29.571020408163264,0,
29.57106575963719,0,
29.57111111111111,0,
29.571156462585034,0,
29.571201814058956,0,
29.57124716553288,0,
29.571292517006803,0,
29.571337868480725,0,
29.571383219954647,0,
29.571428571428573,0,
29.571473922902495,0,
29.571519274376417,0,
29.57156462585034,0,
29.571609977324265,0,
29.571655328798187,0,
29.57170068027211,0,
29.57174603174603,0,
29.571791383219956,0,
29.57183673469388,0,
29.5718820861678,0,
29.571927437641722,0,
29.571972789115645,0,
29.57201814058957,0,
29.572063492063492,0,
29.572108843537414,0,
29.572154195011336,0,
29.572199546485262,0,
29.572244897959184,0,
29.572290249433106,0,
29.572335600907028,0,
29.572380952380954,0,
29.572426303854876,0,
29.572471655328798,0,
29.57251700680272,0,
29.572562358276645,0,
29.572607709750567,0,
29.57265306122449,0,
29.57269841269841,0,
29.572743764172337,0,
29.57278911564626,0,
29.57283446712018,0,
29.572879818594103,0,
29.57292517006803,0,
29.57297052154195,0,
29.573015873015873,0,
29.573061224489795,0,
29.57310657596372,0,
29.573151927437642,0,
29.573197278911564,0,
29.573242630385487,0,
29.573287981859412,0,
29.573333333333334,0,
29.573378684807256,0,
29.573424036281178,0,
29.573469387755104,0,
29.573514739229026,0,
29.573560090702948,0,
29.57360544217687,0,
29.573650793650792,0,
29.573696145124718,0,
29.57374149659864,0,
29.57378684807256,0,
29.573832199546484,0,
29.57387755102041,0,
29.57392290249433,0,
29.573968253968253,0,
29.574013605442175,0,
29.5740589569161,0,
29.574104308390023,0,
29.574149659863945,0,
29.574195011337867,0,
29.574240362811793,0,
29.574285714285715,0,
29.574331065759637,0,
29.57437641723356,0,
29.574421768707484,0,
29.574467120181406,0,
29.57451247165533,0,
29.57455782312925,0,
29.574603174603176,0,
29.574648526077098,0,
29.57469387755102,0,
29.574739229024942,0,
29.574784580498868,0,
29.57482993197279,0,
29.574875283446712,0,
29.574920634920634,0,
29.57496598639456,0,
29.57501133786848,0,
29.575056689342404,0,
29.575102040816326,0,
29.575147392290248,0,
29.575192743764173,0,
29.575238095238095,0,
29.575283446712017,0,
29.57532879818594,0,
29.575374149659865,0,
29.575419501133787,0,
29.57546485260771,0,
29.57551020408163,0,
29.575555555555557,0,
29.57560090702948,0,
29.5756462585034,0,
29.575691609977323,0,
29.57573696145125,0,
29.57578231292517,0,
29.575827664399092,0,
29.575873015873015,0,
29.57591836734694,0,
29.575963718820862,0,
29.576009070294784,0,
29.576054421768706,0,
29.576099773242632,0,
29.576145124716554,0,
29.576190476190476,0,
29.576235827664398,0,
29.576281179138324,0,
29.576326530612246,0,
29.576371882086168,0,
29.57641723356009,0,
29.576462585034015,0,
29.576507936507937,0,
29.57655328798186,0,
29.57659863945578,0,
29.576643990929707,0,
29.57668934240363,0,
29.57673469387755,0,
29.576780045351473,0,
29.576825396825395,0,
29.57687074829932,0,
29.576916099773243,0,
29.576961451247165,0,
29.577006802721087,0,
29.577052154195012,0,
29.577097505668934,0,
29.577142857142857,0,
29.57718820861678,0,
29.577233560090704,0,
29.577278911564626,0,
29.57732426303855,0,
29.57736961451247,0,
29.577414965986396,0,
29.577460317460318,0,
29.57750566893424,0,
29.577551020408162,0,
29.577596371882088,0,
29.57764172335601,0,
29.57768707482993,0,
29.577732426303854,0,
29.57777777777778,0,
29.5778231292517,0,
29.577868480725623,0,
29.577913832199545,0,
29.57795918367347,0,
29.578004535147393,0,
29.578049886621315,0,
29.578095238095237,0,
29.578140589569163,0,
29.578185941043085,0,
29.578231292517007,0,
29.57827664399093,0,
29.57832199546485,0,
29.578367346938776,0,
29.5784126984127,0,
29.57845804988662,0,
29.578503401360543,0,
29.578548752834468,0,
29.57859410430839,0,
29.578639455782312,0,
29.578684807256234,0,
29.57873015873016,0,
29.578775510204082,0,
29.578820861678004,0,
29.578866213151926,0,
29.57891156462585,0,
29.578956916099774,0,
29.579002267573696,0,
29.579047619047618,0,
29.579092970521543,0,
29.579138321995465,0,
29.579183673469387,0,
29.57922902494331,0,
29.579274376417235,0,
29.579319727891157,0,
29.57936507936508,0,
29.579410430839,0,
29.579455782312927,0,
29.57950113378685,0,
29.57954648526077,0,
29.579591836734693,0,
29.57963718820862,0,
29.57968253968254,0,
29.579727891156463,0,
29.579773242630385,0,
29.57981859410431,0,
29.579863945578232,0,
29.579909297052154,0,
29.579954648526076,0,
29.58,0,
29.580045351473924,0,
29.580090702947846,0,
29.580136054421768,0,
29.58018140589569,0,
29.580226757369616,0,
29.580272108843538,0,
29.58031746031746,0,
29.58036281179138,0,
29.580408163265307,0,
29.58045351473923,0,
29.58049886621315,0,
29.580544217687073,0,
29.580589569161,0,
29.58063492063492,0,
29.580680272108843,0,
29.580725623582765,0,
29.58077097505669,0,
29.580816326530613,0,
29.580861678004535,0,
29.580907029478457,0,
29.580952380952382,0,
29.580997732426304,0,
29.581043083900227,0,
29.58108843537415,0,
29.581133786848074,0,
29.581179138321996,0,
29.58122448979592,0,
29.58126984126984,0,
29.581315192743766,0,
29.581360544217688,0,
29.58140589569161,0,
29.581451247165532,0,
29.581496598639454,0,
29.58154195011338,0,
29.5815873015873,0,
29.581632653061224,0,
29.581678004535146,0,
29.58172335600907,0,
29.581768707482993,0,
29.581814058956915,0,
29.581859410430837,0,
29.581904761904763,0,
29.581950113378685,0,
29.581995464852607,0,
29.58204081632653,0,
29.582086167800455,0,
29.582131519274377,0,
29.5821768707483,0,
29.58222222222222,0,
29.582267573696146,0,
29.58231292517007,0,
29.58235827664399,0,
29.582403628117913,0,
29.582448979591838,0,
29.58249433106576,0,
29.582539682539682,0,
29.582585034013604,0,
29.58263038548753,0,
29.582675736961452,0,
29.582721088435374,0,
29.582766439909296,0,
29.58281179138322,0,
29.582857142857144,0,
29.582902494331066,0,
29.582947845804988,0,
29.582993197278913,0,
29.583038548752835,0,
29.583083900226757,0,
29.58312925170068,0,
29.5831746031746,0,
29.583219954648527,0,
29.58326530612245,0,
29.58331065759637,0,
29.583356009070293,0,
29.58340136054422,0,
29.58344671201814,0,
29.583492063492063,0,
29.583537414965985,0,
29.58358276643991,0,
29.583628117913833,0,
29.583673469387755,0,
29.583718820861677,0,
29.583764172335602,0,
29.583809523809524,0,
29.583854875283446,0,
29.58390022675737,0,
29.583945578231294,0,
29.583990929705216,0,
29.584036281179138,0,
29.58408163265306,0,
29.584126984126986,0,
29.584172335600908,0,
29.58421768707483,0,
29.58426303854875,0,
29.584308390022677,0,
29.5843537414966,0,
29.58439909297052,0,
29.584444444444443,0,
29.58448979591837,0,
29.58453514739229,0,
29.584580498866213,0,
29.584625850340135,0,
29.584671201814057,0,
29.584716553287983,0,
29.584761904761905,0,
29.584807256235827,0,
29.58485260770975,0,
29.584897959183674,0,
29.584943310657597,0,
29.58498866213152,0,
29.58503401360544,0,
29.585079365079366,0,
29.58512471655329,0,
29.58517006802721,0,
29.585215419501132,0,
29.585260770975058,0,
29.58530612244898,0,
29.585351473922902,0,
29.585396825396824,0,
29.58544217687075,0,
29.58548752834467,0,
29.585532879818594,0,
29.585578231292516,0,
29.58562358276644,0,
29.585668934240363,0,
29.585714285714285,0,
29.585759637188207,0,
29.585804988662133,0,
29.585850340136055,0,
29.585895691609977,0,
29.5859410430839,0,
29.585986394557825,0,
29.586031746031747,0,
29.58607709750567,0,
29.58612244897959,0,
29.586167800453516,0,
29.58621315192744,0,
29.58625850340136,0,
29.586303854875283,0,
29.586349206349205,0,
29.58639455782313,0,
29.586439909297052,0,
29.586485260770974,0,
29.586530612244896,0,
29.586575963718822,0,
29.586621315192744,0,
29.586666666666666,0,
29.586712018140588,0,
29.586757369614514,0,
29.586802721088436,0,
29.586848072562358,0,
29.58689342403628,0,
29.586938775510205,0,
29.586984126984127,0,
29.58702947845805,0,
29.58707482993197,0,
29.587120181405897,0,
29.58716553287982,0,
29.58721088435374,0,
29.587256235827663,0,
29.58730158730159,0,
29.58734693877551,0,
29.587392290249433,0,
29.587437641723355,0,
29.58748299319728,0,
29.587528344671203,0,
29.587573696145125,0,
29.587619047619047,0,
29.587664399092972,0,
29.587709750566894,0,
29.587755102040816,0,
29.58780045351474,0,
29.587845804988664,0,
29.587891156462586,0,
29.587936507936508,0,
29.58798185941043,0,
29.588027210884352,0,
29.588072562358278,0,
29.5881179138322,0,
29.58816326530612,0,
29.588208616780044,0,
29.58825396825397,0,
29.58829931972789,0,
29.588344671201813,0,
29.588390022675735,0,
29.58843537414966,0,
29.588480725623583,0,
29.588526077097505,0,
29.588571428571427,0,
29.588616780045353,0,
29.588662131519275,0,
29.588707482993197,0,
29.58875283446712,0,
29.588798185941044,0,
29.588843537414967,0,
29.58888888888889,0,
29.58893424036281,0,
29.588979591836736,0,
29.58902494331066,0,
29.58907029478458,0,
29.589115646258502,0,
29.589160997732428,0,
29.58920634920635,0,
29.589251700680272,0,
29.589297052154194,0,
29.58934240362812,0,
29.58938775510204,0,
29.589433106575964,0,
29.589478458049886,0,
29.589523809523808,0,
29.589569160997733,0,
29.589614512471655,0,
29.589659863945577,0,
29.5897052154195,0,
29.589750566893425,0,
29.589795918367347,0,
29.58984126984127,0,
29.58988662131519,0,
29.589931972789117,0,
29.58997732426304,0,
29.59002267573696,0,
29.590068027210883,0,
29.59011337868481,0,
29.59015873015873,0,
29.590204081632653,0,
29.590249433106575,0,
29.5902947845805,0,
29.590340136054422,0,
29.590385487528344,0,
29.590430839002266,0,
29.590476190476192,0,
29.590521541950114,0,
29.590566893424036,0,
29.590612244897958,0,
29.590657596371884,0,
29.590702947845806,0,
29.590748299319728,0,
29.59079365079365,0,
29.590839002267575,0,
29.590884353741497,0,
29.59092970521542,0,
29.59097505668934,0,
29.591020408163267,0,
29.59106575963719,0,
29.59111111111111,0,
29.591156462585033,0,
29.591201814058955,0,
29.59124716553288,0,
29.591292517006803,0,
29.591337868480725,0,
29.591383219954647,0,
29.591428571428573,0,
29.591473922902495,0,
29.591519274376417,0,
29.59156462585034,0,
29.591609977324264,0,
29.591655328798186,0,
29.59170068027211,0,
29.59174603174603,0,
29.591791383219956,0,
29.591836734693878,0,
29.5918820861678,0,
29.591927437641722,0,
29.591972789115648,0,
29.59201814058957,0,
29.59206349206349,0,
29.592108843537414,0,
29.59215419501134,0,
29.59219954648526,0,
29.592244897959183,0,
29.592290249433105,0,
29.59233560090703,0,
29.592380952380953,0,
29.592426303854875,0,
29.592471655328797,0,
29.592517006802723,0,
29.592562358276645,0,
29.592607709750567,0,
29.59265306122449,0,
29.59269841269841,0,
29.592743764172337,0,
29.59278911564626,0,
29.59283446712018,0,
29.592879818594103,0,
29.59292517006803,0,
29.59297052154195,0,
29.593015873015872,0,
29.593061224489794,0,
29.59310657596372,0,
29.593151927437642,0,
29.593197278911564,0,
29.593242630385486,0,
29.59328798185941,0,
29.593333333333334,0,
29.593378684807256,0,
29.593424036281178,0,
29.593469387755103,0,
29.593514739229025,0,
29.593560090702947,0,
29.59360544217687,0,
29.593650793650795,0,
29.593696145124717,0,
29.59374149659864,0,
29.59378684807256,0,
29.593832199546487,0,
29.59387755102041,0,
29.59392290249433,0,
29.593968253968253,0,
29.59401360544218,0,
29.5940589569161,0,
29.594104308390023,0,
29.594149659863945,0,
29.59419501133787,0,
29.594240362811792,0,
29.594285714285714,0,
29.594331065759636,0,
29.59437641723356,0,
29.594421768707484,0,
29.594467120181406,0,
29.594512471655328,0,
29.59455782312925,0,
29.594603174603176,0,
29.594648526077098,0,
29.59469387755102,0,
29.594739229024942,0,
29.594784580498867,0,
29.59482993197279,0,
29.59487528344671,0,
29.594920634920634,0,
29.59496598639456,0,
29.59501133786848,0,
29.595056689342403,0,
29.595102040816325,0,
29.59514739229025,0,
29.595192743764173,0,
29.595238095238095,0,
29.595283446712017,0,
29.595328798185943,0,
29.595374149659865,0,
29.595419501133787,0,
29.59546485260771,0,
29.595510204081634,0,
29.595555555555556,0,
29.59560090702948,0,
29.5956462585034,0,
29.595691609977326,0,
29.595736961451248,0,
29.59578231292517,0,
29.595827664399092,0,
29.595873015873014,0,
29.59591836734694,0,
29.59596371882086,0,
29.596009070294784,0,
29.596054421768706,0,
29.59609977324263,0,
29.596145124716553,0,
29.596190476190475,0,
29.596235827664398,0,
29.596281179138323,0,
29.596326530612245,0,
29.596371882086167,0,
29.59641723356009,0,
29.596462585034015,0,
29.596507936507937,0,
29.59655328798186,0,
29.59659863945578,0,
29.596643990929707,0,
29.59668934240363,0,
29.59673469387755,0,
29.596780045351473,0,
29.5968253968254,0,
29.59687074829932,0,
29.596916099773242,0,
29.596961451247164,0,
29.59700680272109,0,
29.597052154195012,0,
29.597097505668934,0,
29.597142857142856,0,
29.59718820861678,0,
29.597233560090704,0,
29.597278911564626,0,
29.597324263038548,0,
29.597369614512473,0,
29.597414965986395,0,
29.597460317460317,0,
29.59750566893424,0,
29.59755102040816,0,
29.597596371882087,0,
29.59764172335601,0,
29.59768707482993,0,
29.597732426303853,0,
29.59777777777778,0,
29.5978231292517,0,
29.597868480725623,0,
29.597913832199545,0,
29.59795918367347,0,
29.598004535147393,0,
29.598049886621315,0,
29.598095238095237,0,
29.598140589569162,0,
29.598185941043084,0,
29.598231292517006,0,
29.59827664399093,0,
29.598321995464854,0,
29.598367346938776,0,
29.598412698412698,0,
29.59845804988662,0,
29.598503401360546,0,
29.598548752834468,0,
29.59859410430839,0,
29.598639455782312,0,
29.598684807256237,0,
29.59873015873016,0,
29.59877551020408,0,
29.598820861678004,0,
29.59886621315193,0,
29.59891156462585,0,
29.598956916099773,0,
29.599002267573695,0,
29.599047619047617,0,
29.599092970521543,0,
29.599138321995465,0,
29.599183673469387,0,
29.59922902494331,0,
29.599274376417235,0,
29.599319727891157,0,
29.59936507936508,0,
29.599410430839,0,
29.599455782312926,0,
29.59950113378685,0,
29.59954648526077,0,
29.599591836734692,0,
29.599637188208618,0,
29.59968253968254,0,
29.599727891156462,0,
29.599773242630384,0,
29.59981859410431,0,
29.59986394557823,0,
29.599909297052154,0,
29.599954648526076,0,
29.6,0,
29.600045351473923,0,
29.600090702947846,0,
29.600136054421768,0,
29.600181405895693,0,
29.600226757369615,0,
29.600272108843537,0,
29.60031746031746,0,
29.600362811791385,0,
29.600408163265307,0,
29.60045351473923,0,
29.60049886621315,0,
29.600544217687077,0,
29.600589569161,0,
29.60063492063492,0,
29.600680272108843,0,
29.600725623582765,0,
29.60077097505669,0,
29.600816326530612,0,
29.600861678004534,0,
29.600907029478456,0,
29.600952380952382,0,
29.600997732426304,0,
29.601043083900226,0,
29.601088435374148,0,
29.601133786848074,0,
29.601179138321996,0,
29.601224489795918,0,
29.60126984126984,0,
29.601315192743765,0,
29.601360544217687,0,
29.60140589569161,0,
29.60145124716553,0,
29.601496598639457,0,
29.60154195011338,0,
29.6015873015873,0,
29.601632653061223,0,
29.60167800453515,0,
29.60172335600907,0,
29.601768707482993,0,
29.601814058956915,0,
29.60185941043084,0,
29.601904761904763,0,
29.601950113378685,0,
29.601995464852607,0,
29.602040816326532,0,
29.602086167800454,0,
29.602131519274376,0,
29.6021768707483,0,
29.602222222222224,0,
29.602267573696146,0,
29.602312925170068,0,
29.60235827664399,0,
29.602403628117912,0,
29.602448979591838,0,
29.60249433106576,0,
29.602539682539682,0,
29.602585034013604,0,
29.60263038548753,0,
29.60267573696145,0,
29.602721088435374,0,
29.602766439909296,0,
29.60281179138322,0,
29.602857142857143,0,
29.602902494331065,0,
29.602947845804987,0,
29.602993197278913,0,
29.603038548752835,0,
29.603083900226757,0,
29.60312925170068,0,
29.603174603174605,0,
29.603219954648527,0,
29.60326530612245,0,
29.60331065759637,0,
29.603356009070296,0,
29.60340136054422,0,
29.60344671201814,0,
29.603492063492062,0,
29.603537414965988,0,
29.60358276643991,0,
29.603628117913832,0,
29.603673469387754,0,
29.60371882086168,0,
29.6037641723356,0,
29.603809523809524,0,
29.603854875283446,0,
29.603900226757368,0,
29.603945578231293,0,
29.603990929705216,0,
29.604036281179138,0,
29.60408163265306,0,
29.604126984126985,0,
29.604172335600907,0,
29.60421768707483,0,
29.60426303854875,0,
29.604308390022677,0,
29.6043537414966,0,
29.60439909297052,0,
29.604444444444443,0,
29.60448979591837,0,
29.60453514739229,0,
29.604580498866213,0,
29.604625850340135,0,
29.60467120181406,0,
29.604716553287982,0,
29.604761904761904,0,
29.604807256235826,0,
29.604852607709752,0,
29.604897959183674,0,
29.604943310657596,0,
29.604988662131518,0,
29.605034013605444,0,
29.605079365079366,0,
29.605124716553288,0,
29.60517006802721,0,
29.605215419501135,0,
29.605260770975057,0,
29.60530612244898,0,
29.6053514739229,0,
29.605396825396827,0,
29.60544217687075,0,
29.60548752834467,0,
29.605532879818593,0,
29.605578231292515,0,
29.60562358276644,0,
29.605668934240363,0,
29.605714285714285,0,
29.605759637188207,0,
29.605804988662133,0,
29.605850340136055,0,
29.605895691609977,0,
29.6059410430839,0,
29.605986394557824,0,
29.606031746031746,0,
29.60607709750567,0,
29.60612244897959,0,
29.606167800453516,0,
29.606213151927438,0,
29.60625850340136,0,
29.606303854875282,0,
29.606349206349208,0,
29.60639455782313,0,
29.606439909297052,0,
29.606485260770974,0,
29.6065306122449,0,
29.60657596371882,0,
29.606621315192744,0,
29.606666666666666,0,
29.60671201814059,0,
29.606757369614513,0,
29.606802721088435,0,
29.606848072562357,0,
29.606893424036283,0,
29.606938775510205,0,
29.606984126984127,0,
29.60702947845805,0,
29.60707482993197,0,
29.607120181405897,0,
29.60716553287982,0,
29.60721088435374,0,
29.607256235827663,0,
29.60730158730159,0,
29.60734693877551,0,
29.607392290249432,0,
29.607437641723354,0,
29.60748299319728,0,
29.607528344671202,0,
29.607573696145124,0,
29.607619047619046,0,
29.60766439909297,0,
29.607709750566894,0,
29.607755102040816,0,
29.607800453514738,0,
29.607845804988663,0,
29.607891156462586,0,
29.607936507936508,0,
29.60798185941043,0,
29.608027210884355,0,
29.608072562358277,0,
29.6081179138322,0,
29.60816326530612,0,
29.608208616780047,0,
29.60825396825397,0,
29.60829931972789,0,
29.608344671201813,0,
29.60839002267574,0,
29.60843537414966,0,
29.608480725623583,0,
29.608526077097505,0,
29.60857142857143,0,
29.608616780045352,0,
29.608662131519274,0,
29.608707482993196,0,
29.60875283446712,0,
29.608798185941044,0,
29.608843537414966,0,
29.608888888888888,0,
29.60893424036281,0,
29.608979591836736,0,
29.609024943310658,0,
29.60907029478458,0,
29.609115646258502,0,
29.609160997732427,0,
29.60920634920635,0,
29.60925170068027,0,
29.609297052154194,0,
29.60934240362812,0,
29.60938775510204,0,
29.609433106575963,0,
29.609478458049885,0,
29.60952380952381,0,
29.609569160997733,0,
29.609614512471655,0,
29.609659863945577,0,
29.609705215419503,0,
29.609750566893425,0,
29.609795918367347,0,
29.60984126984127,0,
29.609886621315194,0,
29.609931972789116,0,
29.60997732426304,0,
29.61002267573696,0,
29.610068027210886,0,
29.610113378684808,0,
29.61015873015873,0,
29.610204081632652,0,
29.610249433106574,0,
29.6102947845805,0,
29.610340136054422,0,
29.610385487528344,0,
29.610430839002266,0,
29.61047619047619,0,
29.610521541950114,0,
29.610566893424036,0,
29.610612244897958,0,
29.610657596371883,0,
29.610702947845805,0,
29.610748299319727,0,
29.61079365079365,0,
29.610839002267575,0,
29.610884353741497,0,
29.61092970521542,0,
29.61097505668934,0,
29.611020408163267,0,
29.61106575963719,0,
29.61111111111111,0,
29.611156462585033,0,
29.61120181405896,0,
29.61124716553288,0,
29.611292517006802,0,
29.611337868480724,0,
29.61138321995465,0,
29.611428571428572,0,
29.611473922902494,0,
29.611519274376416,0,
29.61156462585034,0,
29.611609977324264,0,
29.611655328798186,0,
29.611700680272108,0,
29.611746031746033,0,
29.611791383219956,0,
29.611836734693878,0,
29.6118820861678,0,
29.61192743764172,0,
29.611972789115647,0,
29.61201814058957,0,
29.61206349206349,0,
29.612108843537413,0,
29.61215419501134,0,
29.61219954648526,0,
29.612244897959183,0,
29.612290249433105,0,
29.61233560090703,0,
29.612380952380953,0,
29.612426303854875,0,
29.612471655328797,0,
29.612517006802722,0,
29.612562358276644,0,
29.612607709750566,0,
29.61265306122449,0,
29.612698412698414,0,
29.612743764172336,0,
29.612789115646258,0,
29.61283446712018,0,
29.612879818594106,0,
29.612925170068028,0,
29.61297052154195,0,
29.613015873015872,0,
29.613061224489797,0,
29.61310657596372,0,
29.61315192743764,0,
29.613197278911564,0,
29.61324263038549,0,
29.61328798185941,0,
29.613333333333333,0,
29.613378684807255,0,
29.613424036281177,0,
29.613469387755103,0,
29.613514739229025,0,
29.613560090702947,0,
29.61360544217687,0,
29.613650793650795,0,
29.613696145124717,0,
29.61374149659864,0,
29.61378684807256,0,
29.613832199546486,0,
29.61387755102041,0,
29.61392290249433,0,
29.613968253968252,0,
29.614013605442178,0,
29.6140589569161,0,
29.614104308390022,0,
29.614149659863944,0,
29.61419501133787,0,
29.614240362811792,0,
29.614285714285714,0,
29.614331065759636,0,
29.61437641723356,0,
29.614421768707484,0,
29.614467120181406,0,
29.614512471655328,0,
29.614557823129253,0,
29.614603174603175,0,
29.614648526077097,0,
29.61469387755102,0,
29.614739229024945,0,
29.614784580498867,0,
29.61482993197279,0,
29.61487528344671,0,
29.614920634920637,0,
29.61496598639456,0,
29.61501133786848,0,
29.615056689342403,0,
29.615102040816325,0,
29.61514739229025,0,
29.615192743764172,0,
29.615238095238094,0,
29.615283446712017,0,
29.615328798185942,0,
29.615374149659864,0,
29.615419501133786,0,
29.61546485260771,0,
29.615510204081634,0,
29.615555555555556,0,
29.615600907029478,0,
29.6156462585034,0,
29.615691609977326,0,
29.615736961451248,0,
29.61578231292517,0,
29.61582766439909,0,
29.615873015873017,0,
29.61591836734694,0,
29.61596371882086,0,
29.616009070294783,0,
29.61605442176871,0,
29.61609977324263,0,
29.616145124716553,0,
29.616190476190475,0,
29.6162358276644,0,
29.616281179138323,0,
29.616326530612245,0,
29.616371882086167,0,
29.616417233560092,0,
29.616462585034014,0,
29.616507936507936,0,
29.61655328798186,0,
29.616598639455784,0,
29.616643990929706,0,
29.616689342403628,0,
29.61673469387755,0,
29.616780045351472,0,
29.616825396825398,0,
29.61687074829932,0,
29.616916099773242,0,
29.616961451247164,0,
29.61700680272109,0,
29.61705215419501,0,
29.617097505668934,0,
29.617142857142856,0,
29.61718820861678,0,
29.617233560090703,0,
29.617278911564625,0,
29.617324263038547,0,
29.617369614512473,0,
29.617414965986395,0,
29.617460317460317,0,
29.61750566893424,0,
29.617551020408165,0,
29.617596371882087,0,
29.61764172335601,0,
29.61768707482993,0,
29.617732426303856,0,
29.61777777777778,0,
29.6178231292517,0,
29.617868480725623,0,
29.617913832199548,0,
29.61795918367347,0,
29.618004535147392,0,
29.618049886621314,0,
29.61809523809524,0,
29.618140589569162,0,
29.618185941043084,0,
29.618231292517006,0,
29.618276643990928,0,
29.618321995464854,0,
29.618367346938776,0,
29.618412698412698,0,
29.61845804988662,0,
29.618503401360545,0,
29.618548752834467,0,
29.61859410430839,0,
29.61863945578231,0,
29.618684807256237,0,
29.61873015873016,0,
29.61877551020408,0,
29.618820861678003,0,
29.61886621315193,0,
29.61891156462585,0,
29.618956916099773,0,
29.619002267573695,0,
29.61904761904762,0,
29.619092970521542,0,
29.619138321995464,0,
29.619183673469387,0,
29.619229024943312,0,
29.619274376417234,0,
29.619319727891156,0,
29.61936507936508,0,
29.619410430839004,0,
29.619455782312926,0,
29.619501133786848,0,
29.61954648526077,0,
29.619591836734696,0,
29.619637188208618,0,
29.61968253968254,0,
29.61972789115646,0,
29.619773242630387,0,
29.61981859410431,0,
29.61986394557823,0,
29.619909297052153,0,
29.619954648526075,0,
29.62,0,
29.620045351473923,0,
29.620090702947845,0,
29.620136054421767,0,
29.620181405895693,0,
29.620226757369615,0,
29.620272108843537,0,
29.62031746031746,0,
29.620362811791384,0,
29.620408163265306,0,
29.62045351473923,0,
29.62049886621315,0,
29.620544217687076,0,
29.620589569160998,0,
29.62063492063492,0,
29.620680272108842,0,
29.620725623582768,0,
29.62077097505669,0,
29.620816326530612,0,
29.620861678004534,0,
29.62090702947846,0,
29.62095238095238,0,
29.620997732426304,0,
29.621043083900226,0,
29.62108843537415,0,
29.621133786848073,0,
29.621179138321995,0,
29.621224489795917,0,
29.621269841269843,0,
29.621315192743765,0,
29.621360544217687,0,
29.62140589569161,0,
29.62145124716553,0,
29.621496598639457,0,
29.62154195011338,0,
29.6215873015873,0,
29.621632653061223,0,
29.62167800453515,0,
29.62172335600907,0,
29.621768707482993,0,
29.621814058956915,0,
29.62185941043084,0,
29.621904761904762,0,
29.621950113378684,0,
29.621995464852606,0,
29.622040816326532,0,
29.622086167800454,0,
29.622131519274376,0,
29.622176870748298,0,
29.622222222222224,0,
29.622267573696146,0,
29.622312925170068,0,
29.62235827664399,0,
29.622403628117915,0,
29.622448979591837,0,
29.62249433106576,0,
29.62253968253968,0,
29.622585034013607,0,
29.62263038548753,0,
29.62267573696145,0,
29.622721088435373,0,
29.6227664399093,0,
29.62281179138322,0,
29.622857142857143,0,
29.622902494331065,0,
29.62294784580499,0,
29.622993197278912,0,
29.623038548752834,0,
29.623083900226757,0,
29.62312925170068,0,
29.623174603174604,0,
29.623219954648526,0,
29.62326530612245,0,
29.62331065759637,0,
29.623356009070296,0,
29.623401360544218,0,
29.62344671201814,0,
29.623492063492062,0,
29.623537414965988,0,
29.62358276643991,0,
29.62362811791383,0,
29.623673469387754,0,
29.62371882086168,0,
29.6237641723356,0,
29.623809523809523,0,
29.623854875283445,0,
29.62390022675737,0,
29.623945578231293,0,
29.623990929705215,0,
29.624036281179137,0,
29.624081632653063,0,
29.624126984126985,0,
29.624172335600907,0,
29.62421768707483,0,
29.624263038548754,0,
29.624308390022676,0,
29.6243537414966,0,
29.62439909297052,0,
29.624444444444446,0,
29.624489795918368,0,
29.62453514739229,0,
29.624580498866212,0,
29.624625850340134,0,
29.62467120181406,0,
29.624716553287982,0,
29.624761904761904,0,
29.624807256235826,0,
29.62485260770975,0,
29.624897959183674,0,
29.624943310657596,0,
29.624988662131518,0,
29.625034013605443,0,
29.625079365079365,0,
29.625124716553287,0,
29.62517006802721,0,
29.625215419501135,0,
29.625260770975057,0,
29.62530612244898,0,
29.6253514739229,0,
29.625396825396827,0,
29.62544217687075,0,
29.62548752834467,0,
29.625532879818593,0,
29.62557823129252,0,
29.62562358276644,0,
29.625668934240363,0,
29.625714285714285,0,
29.62575963718821,0,
29.625804988662132,0,
29.625850340136054,0,
29.625895691609976,0,
29.625941043083902,0,
29.625986394557824,0,
29.626031746031746,0,
29.626077097505668,0,
29.626122448979594,0,
29.626167800453516,0,
29.626213151927438,0,
29.62625850340136,0,
29.62630385487528,0,
29.626349206349207,0,
29.62639455782313,0,
29.62643990929705,0,
29.626485260770973,0,
29.6265306122449,0,
29.62657596371882,0,
29.626621315192743,0,
29.626666666666665,0,
29.62671201814059,0,
29.626757369614513,0,
29.626802721088435,0,
29.626848072562357,0,
29.626893424036282,0,
29.626938775510204,0,
29.626984126984127,0,
29.62702947845805,0,
29.627074829931974,0,
29.627120181405896,0,
29.62716553287982,0,
29.62721088435374,0,
29.627256235827666,0,
29.627301587301588,0,
29.62734693877551,0,
29.627392290249432,0,
29.627437641723358,0,
29.62748299319728,0,
29.6275283446712,0,
29.627573696145124,0,
29.62761904761905,0,
29.62766439909297,0,
29.627709750566893,0,
29.627755102040815,0,
29.627800453514737,0,
29.627845804988663,0,
29.627891156462585,0,
29.627936507936507,0,
29.62798185941043,0,
29.628027210884355,0,
29.628072562358277,0,
29.6281179138322,0,
29.62816326530612,0,
29.628208616780046,0,
29.62825396825397,0,
29.62829931972789,0,
29.628344671201813,0,
29.628390022675738,0,
29.62843537414966,0,
29.628480725623582,0,
29.628526077097504,0,
29.62857142857143,0,
29.628616780045352,0,
29.628662131519274,0,
29.628707482993196,0,
29.62875283446712,0,
29.628798185941044,0,
29.628843537414966,0,
29.628888888888888,0,
29.628934240362813,0,
29.628979591836735,0,
29.629024943310657,0,
29.62907029478458,0,
29.629115646258505,0,
29.629160997732427,0,
29.62920634920635,0,
29.62925170068027,0,
29.629297052154197,0,
29.62934240362812,0,
29.62938775510204,0,
29.629433106575963,0,
29.629478458049885,0,
29.62952380952381,0,
29.629569160997733,0,
29.629614512471655,0,
29.629659863945577,0,
29.629705215419502,0,
29.629750566893424,0,
29.629795918367346,0,
29.62984126984127,0,
29.629886621315194,0,
29.629931972789116,0,
29.629977324263038,0,
29.63002267573696,0,
29.630068027210886,0,
29.630113378684808,0,
29.63015873015873,0,
29.63020408163265,0,
29.630249433106577,0,
29.6302947845805,0,
29.63034013605442,0,
29.630385487528343,0,
29.63043083900227,0,
29.63047619047619,0,
29.630521541950113,0,
29.630566893424035,0,
29.63061224489796,0,
29.630657596371883,0,
29.630702947845805,0,
29.630748299319727,0,
29.630793650793652,0,
29.630839002267575,0,
29.630884353741497,0,
29.63092970521542,0,
29.630975056689344,0,
29.631020408163266,0,
29.63106575963719,0,
29.63111111111111,0,
29.631156462585032,0,
29.631201814058958,0,
29.63124716553288,0,
29.631292517006802,0,
29.631337868480724,0,
29.63138321995465,0,
29.63142857142857,0,
29.631473922902494,0,
29.631519274376416,0,
29.63156462585034,0,
29.631609977324263,0,
29.631655328798185,0,
29.631700680272107,0,
29.631746031746033,0,
29.631791383219955,0,
29.631836734693877,0,
29.6318820861678,0,
29.631927437641725,0,
29.631972789115647,0,
29.63201814058957,0,
29.63206349206349,0,
29.632108843537416,0,
29.63215419501134,0,
29.63219954648526,0,
29.632244897959183,0,
29.632290249433108,0,
29.63233560090703,0,
29.632380952380952,0,
29.632426303854874,0,
29.6324716553288,0,
29.632517006802722,0,
29.632562358276644,0,
29.632607709750566,0,
29.632653061224488,0,
29.632698412698414,0,
29.632743764172336,0,
29.632789115646258,0,
29.63283446712018,0,
29.632879818594105,0,
29.632925170068027,0,
29.63297052154195,0,
29.63301587301587,0,
29.633061224489797,0,
29.63310657596372,0,
29.63315192743764,0,
29.633197278911563,0,
29.63324263038549,0,
29.63328798185941,0,
29.633333333333333,0,
29.633378684807255,0,
29.63342403628118,0,
29.633469387755103,0,
29.633514739229025,0,
29.633560090702947,0,
29.633605442176872,0,
29.633650793650794,0,
29.633696145124716,0,
29.63374149659864,0,
29.633786848072564,0,
29.633832199546486,0,
29.633877551020408,0,
29.63392290249433,0,
29.633968253968256,0,
29.634013605442178,0,
29.6340589569161,0,
29.63410430839002,0,
29.634149659863947,0,
29.63419501133787,0,
29.63424036281179,0,
29.634285714285713,0,
29.634331065759635,0,
29.63437641723356,0,
29.634421768707483,0,
29.634467120181405,0,
29.634512471655327,0,
29.634557823129253,0,
29.634603174603175,0,
29.634648526077097,0,
29.63469387755102,0,
29.634739229024945,0,
29.634784580498867,0,
29.63482993197279,0,
29.63487528344671,0,
29.634920634920636,0,
29.63496598639456,0,
29.63501133786848,0,
29.635056689342402,0,
29.635102040816328,0,
29.63514739229025,0,
29.635192743764172,0,
29.635238095238094,0,
29.63528344671202,0,
29.63532879818594,0,
29.635374149659864,0,
29.635419501133786,0,
29.63546485260771,0,
29.635510204081633,0,
29.635555555555555,0,
29.635600907029477,0,
29.635646258503403,0,
29.635691609977325,0,
29.635736961451247,0,
29.63578231292517,0,
29.63582766439909,0,
29.635873015873017,0,
29.63591836734694,0,
29.63596371882086,0,
29.636009070294783,0,
29.63605442176871,0,
29.63609977324263,0,
29.636145124716553,0,
29.636190476190475,0,
29.6362358276644,0,
29.636281179138322,0,
29.636326530612244,0,
29.636371882086166,0,
29.636417233560092,0,
29.636462585034014,0,
29.636507936507936,0,
29.636553287981858,0,
29.636598639455784,0,
29.636643990929706,0,
29.636689342403628,0,
29.63673469387755,0,
29.636780045351475,0,
29.636825396825397,0,
29.63687074829932,0,
29.63691609977324,0,
29.636961451247167,0,
29.63700680272109,0,
29.63705215419501,0,
29.637097505668933,0,
29.63714285714286,0,
29.63718820861678,0,
29.637233560090703,0,
29.637278911564625,0,
29.63732426303855,0,
29.637369614512473,0,
29.637414965986395,0,
29.637460317460317,0,
29.63750566893424,0,
29.637551020408164,0,
29.637596371882086,0,
29.63764172335601,0,
29.63768707482993,0,
29.637732426303856,0,
29.637777777777778,0,
29.6378231292517,0,
29.637868480725622,0,
29.637913832199548,0,
29.63795918367347,0,
29.63800453514739,0,
29.638049886621314,0,
29.63809523809524,0,
29.63814058956916,0,
29.638185941043083,0,
29.638231292517005,0,
29.63827664399093,0,
29.638321995464853,0,
29.638367346938775,0,
29.638412698412697,0,
29.638458049886623,0,
29.638503401360545,0,
29.638548752834467,0,
29.63859410430839,0,
29.638639455782315,0,
29.638684807256237,0,
29.63873015873016,0,
29.63877551020408,0,
29.638820861678006,0,
29.63886621315193,0,
29.63891156462585,0,
29.638956916099772,0,
29.639002267573694,0,
29.63904761904762,0,
29.639092970521542,0,
29.639138321995464,0,
29.639183673469386,0,
29.63922902494331,0,
29.639274376417234,0,
29.639319727891156,0,
29.639365079365078,0,
29.639410430839003,0,
29.639455782312925,0,
29.639501133786847,0,
29.63954648526077,0,
29.639591836734695,0,
29.639637188208617,0,
29.63968253968254,0,
29.63972789115646,0,
29.639773242630387,0,
29.63981859410431,0,
29.63986394557823,0,
29.639909297052153,0,
29.63995464852608,0,
29.64,0,
29.640045351473923,0,
29.640090702947845,0,
29.64013605442177,0,
29.640181405895692,0,
29.640226757369614,0,
29.640272108843536,0,
29.640317460317462,0,
29.640362811791384,0,
29.640408163265306,0,
29.640453514739228,0,
29.640498866213154,0,
29.640544217687076,0,
29.640589569160998,0,
29.64063492063492,0,
29.640680272108842,0,
29.640725623582767,0,
29.64077097505669,0,
29.64081632653061,0,
29.640861678004534,0,
29.64090702947846,0,
29.64095238095238,0,
29.640997732426303,0,
29.641043083900225,0,
29.64108843537415,0,
29.641133786848073,0,
29.641179138321995,0,
29.641224489795917,0,
29.641269841269843,0,
29.641315192743765,0,
29.641360544217687,0,
29.64140589569161,0,
29.641451247165534,0,
29.641496598639456,0,
29.64154195011338,0,
29.6415873015873,0,
29.641632653061226,0,
29.641678004535148,0,
29.64172335600907,0,
29.641768707482992,0,
29.641814058956918,0,
29.64185941043084,0,
29.64190476190476,0,
29.641950113378684,0,
29.64199546485261,0,
29.64204081632653,0,
29.642086167800453,0,
29.642131519274376,0,
29.642176870748298,0,
29.642222222222223,0,
29.642267573696145,0,
29.642312925170067,0,
29.64235827664399,0,
29.642403628117915,0,
29.642448979591837,0,
29.64249433106576,0,
29.64253968253968,0,
29.642585034013607,0,
29.64263038548753,0,
29.64267573696145,0,
29.642721088435373,0,
29.6427664399093,0,
29.64281179138322,0,
29.642857142857142,0,
29.642902494331064,0,
29.64294784580499,0,
29.642993197278912,0,
29.643038548752834,0,
29.643083900226756,0,
29.64312925170068,0,
29.643174603174604,0,
29.643219954648526,0,
29.643265306122448,0,
29.643310657596373,0,
29.643356009070295,0,
29.643401360544217,0,
29.64344671201814,0,
29.643492063492065,0,
29.643537414965987,0,
29.64358276643991,0,
29.64362811791383,0,
29.643673469387757,0,
29.64371882086168,0,
29.6437641723356,0,
29.643809523809523,0,
29.643854875283445,0,
29.64390022675737,0,
29.643945578231293,0,
29.643990929705215,0,
29.644036281179137,0,
29.644081632653062,0,
29.644126984126984,0,
29.644172335600906,0,
29.64421768707483,0,
29.644263038548754,0,
29.644308390022676,0,
29.644353741496598,0,
29.64439909297052,0,
29.644444444444446,0,
29.644489795918368,0,
29.64453514739229,0,
29.644580498866212,0,
29.644625850340137,0,
29.64467120181406,0,
29.64471655328798,0,
29.644761904761904,0,
29.64480725623583,0,
29.64485260770975,0,
29.644897959183673,0,
29.644943310657595,0,
29.64498866213152,0,
29.645034013605443,0,
29.645079365079365,0,
29.645124716553287,0,
29.645170068027213,0,
29.645215419501135,0,
29.645260770975057,0,
29.64530612244898,0,
29.645351473922904,0,
29.645396825396826,0,
29.64544217687075,0,
29.64548752834467,0,
29.645532879818592,0,
29.645578231292518,0,
29.64562358276644,0,
29.645668934240362,0,
29.645714285714284,0,
29.64575963718821,0,
29.64580498866213,0,
29.645850340136054,0,
29.645895691609976,0,
29.6459410430839,0,
29.645986394557823,0,
29.646031746031746,0,
29.646077097505668,0,
29.646122448979593,0,
29.646167800453515,0,
29.646213151927437,0,
29.64625850340136,0,
29.646303854875285,0,
29.646349206349207,0,
29.64639455782313,0,
29.64643990929705,0,
29.646485260770977,0,
29.6465306122449,0,
29.64657596371882,0,
29.646621315192743,0,
29.64666666666667,0,
29.64671201814059,0,
29.646757369614512,0,
29.646802721088434,0,
29.64684807256236,0,
29.646893424036282,0,
29.646938775510204,0,
29.646984126984126,0,
29.647029478458048,0,
29.647074829931974,0,
29.647120181405896,0,
29.647165532879818,0,
29.64721088435374,0,
29.647256235827665,0,
29.647301587301587,0,
29.64734693877551,0,
29.64739229024943,0,
29.647437641723357,0,
29.64748299319728,0,
29.6475283446712,0,
29.647573696145123,0,
29.64761904761905,0,
29.64766439909297,0,
29.647709750566893,0,
29.647755102040815,0,
29.64780045351474,0,
29.647845804988663,0,
29.647891156462585,0,
29.647936507936507,0,
29.647981859410432,0,
29.648027210884354,0,
29.648072562358276,0,
29.6481179138322,0,
29.648163265306124,0,
29.648208616780046,0,
29.648253968253968,0,
29.64829931972789,0,
29.648344671201816,0,
29.648390022675738,0,
29.64843537414966,0,
29.648480725623582,0,
29.648526077097507,0,
29.64857142857143,0,
29.64861678004535,0,
29.648662131519274,0,
29.648707482993196,0,
29.64875283446712,0,
29.648798185941043,0,
29.648843537414965,0,
29.648888888888887,0,
29.648934240362813,0,
29.648979591836735,0,
29.649024943310657,0,
29.64907029478458,0,
29.649115646258505,0,
29.649160997732427,0,
29.64920634920635,0,
29.64925170068027,0,
29.649297052154196,0,
29.64934240362812,0,
29.64938775510204,0,
29.649433106575962,0,
29.649478458049888,0,
29.64952380952381,0,
29.649569160997732,0,
29.649614512471654,0,
29.64965986394558,0,
29.6497052154195,0,
29.649750566893424,0,
29.649795918367346,0,
29.64984126984127,0,
29.649886621315193,0,
29.649931972789116,0,
29.649977324263038,0,
29.650022675736963,0,
29.650068027210885,0,
29.650113378684807,0,
29.65015873015873,0,
29.65020408163265,0,
29.650249433106577,0,
29.6502947845805,0,
29.65034013605442,0,
29.650385487528343,0,
29.65043083900227,0,
29.65047619047619,0,
29.650521541950113,0,
29.650566893424035,0,
29.65061224489796,0,
29.650657596371882,0,
29.650702947845804,0,
29.650748299319726,0,
29.650793650793652,0,
29.650839002267574,0,
29.650884353741496,0,
29.650929705215418,0,
29.650975056689344,0,
29.651020408163266,0,
29.651065759637188,0,
29.65111111111111,0,
29.651156462585035,0,
29.651201814058957,0,
29.65124716553288,0,
29.6512925170068,0,
29.651337868480727,0,
29.65138321995465,0,
29.65142857142857,0,
29.651473922902493,0,
29.65151927437642,0,
29.65156462585034,0,
29.651609977324263,0,
29.651655328798185,0,
29.65170068027211,0,
29.651746031746033,0,
29.651791383219955,0,
29.651836734693877,0,
29.6518820861678,0,
29.651927437641724,0,
29.651972789115646,0,
29.65201814058957,0,
29.65206349206349,0,
29.652108843537416,0,
29.652154195011338,0,
29.65219954648526,0,
29.652244897959182,0,
29.652290249433108,0,
29.65233560090703,0,
29.652380952380952,0,
29.652426303854874,0,
29.6524716553288,0,
29.65251700680272,0,
29.652562358276644,0,
29.652607709750566,0,
29.65265306122449,0,
29.652698412698413,0,
29.652743764172335,0,
29.652789115646257,0,
29.652834467120183,0,
29.652879818594105,0,
29.652925170068027,0,
29.65297052154195,0,
29.653015873015875,0,
29.653061224489797,0,
29.65310657596372,0,
29.65315192743764,0,
29.653197278911566,0,
29.65324263038549,0,
29.65328798185941,0,
29.653333333333332,0,
29.653378684807254,0,
29.65342403628118,0,
29.653469387755102,0,
29.653514739229024,0,
29.653560090702946,0,
29.65360544217687,0,
29.653650793650794,0,
29.653696145124716,0,
29.653741496598638,0,
29.653786848072563,0,
29.653832199546486,0,
29.653877551020408,0,
29.65392290249433,0,
29.653968253968255,0,
29.654013605442177,0,
29.6540589569161,0,
29.65410430839002,0,
29.654149659863947,0,
29.65419501133787,0,
29.65424036281179,0,
29.654285714285713,0,
29.65433106575964,0,
29.65437641723356,0,
29.654421768707483,0,
29.654467120181405,0,
29.65451247165533,0,
29.654557823129252,0,
29.654603174603174,0,
29.654648526077096,0,
29.654693877551022,0,
29.654739229024944,0,
29.654784580498866,0,
29.654829931972788,0,
29.654875283446714,0,
29.654920634920636,0,
29.654965986394558,0,
29.65501133786848,0,
29.655056689342402,0,
29.655102040816328,0,
29.65514739229025,0,
29.65519274376417,0,
29.655238095238094,0,
29.65528344671202,0,
29.65532879818594,0,
29.655374149659863,0,
29.655419501133785,0,
29.65546485260771,0,
29.655510204081633,0,
29.655555555555555,0,
29.655600907029477,0,
29.655646258503403,0,
29.655691609977325,0,
29.655736961451247,0,
29.65578231292517,0,
29.655827664399094,0,
29.655873015873016,0,
29.65591836734694,0,
29.65596371882086,0,
29.656009070294786,0,
29.656054421768708,0,
29.65609977324263,0,
29.656145124716552,0,
29.656190476190478,0,
29.6562358276644,0,
29.656281179138322,0,
29.656326530612244,0,
29.65637188208617,0,
29.65641723356009,0,
29.656462585034014,0,
29.656507936507936,0,
29.656553287981858,0,
29.656598639455783,0,
29.656643990929705,0,
29.656689342403627,0,
29.65673469387755,0,
29.656780045351475,0,
29.656825396825397,0,
29.65687074829932,0,
29.65691609977324,0,
29.656961451247167,0,
29.65700680272109,0,
29.65705215419501,0,
29.657097505668933,0,
29.65714285714286,0,
29.65718820861678,0,
29.657233560090702,0,
29.657278911564624,0,
29.65732426303855,0,
29.657369614512472,0,
29.657414965986394,0,
29.657460317460316,0,
29.657505668934242,0,
29.657551020408164,0,
29.657596371882086,0,
29.657641723356008,0,
29.657687074829933,0,
29.657732426303856,0,
29.657777777777778,0,
29.6578231292517,0,
29.657868480725625,0,
29.657913832199547,0,
29.65795918367347,0,
29.65800453514739,0,
29.658049886621317,0,
29.65809523809524,0,
29.65814058956916,0,
29.658185941043083,0,
29.658231292517005,0,
29.65827664399093,0,
29.658321995464853,0,
29.658367346938775,0,
29.658412698412697,0,
29.658458049886622,0,
29.658503401360544,0,
29.658548752834466,0,
29.65859410430839,0,
29.658639455782314,0,
29.658684807256236,0,
29.658730158730158,0,
29.65877551020408,0,
29.658820861678006,0,
29.658866213151928,0,
29.65891156462585,0,
29.658956916099772,0,
29.659002267573698,0,
29.65904761904762,0,
29.65909297052154,0,
29.659138321995464,0,
29.65918367346939,0,
29.65922902494331,0,
29.659274376417233,0,
29.659319727891155,0,
29.65936507936508,0,
29.659410430839003,0,
29.659455782312925,0,
29.659501133786847,0,
29.659546485260773,0,
29.659591836734695,0,
29.659637188208617,0,
29.65968253968254,0,
29.659727891156464,0,
29.659773242630386,0,
29.65981859410431,0,
29.65986394557823,0,
29.659909297052153,0,
29.659954648526078,0,
29.66,0,
29.660045351473922,0,
29.660090702947844,0,
29.66013605442177,0,
29.660181405895692,0,
29.660226757369614,0,
29.660272108843536,0,
29.66031746031746,0,
29.660362811791384,0,
29.660408163265306,0,
29.660453514739228,0,
29.660498866213153,0,
29.660544217687075,0,
29.660589569160997,0,
29.66063492063492,0,
29.660680272108845,0,
29.660725623582767,0,
29.66077097505669,0,
29.66081632653061,0,
29.660861678004537,0,
29.66090702947846,0,
29.66095238095238,0,
29.660997732426303,0,
29.66104308390023,0,
29.66108843537415,0,
29.661133786848072,0,
29.661179138321994,0,
29.66122448979592,0,
29.661269841269842,0,
29.661315192743764,0,
29.661360544217686,0,
29.66140589569161,0,
29.661451247165534,0,
29.661496598639456,0,
29.661541950113378,0,
29.6615873015873,0,
29.661632653061226,0,
29.661678004535148,0,
29.66172335600907,0,
29.66176870748299,0,
29.661814058956917,0,
29.66185941043084,0,
29.66190476190476,0,
29.661950113378683,0,
29.66199546485261,0,
29.66204081632653,0,
29.662086167800453,0,
29.662131519274375,0,
29.6621768707483,0,
29.662222222222223,0,
29.662267573696145,0,
29.662312925170067,0,
29.662358276643992,0,
29.662403628117914,0,
29.662448979591836,0,
29.66249433106576,0,
29.662539682539684,0,
29.662585034013606,0,
29.662630385487528,0,
29.66267573696145,0,
29.662721088435376,0,
29.662766439909298,0,
29.66281179138322,0,
29.662857142857142,0,
29.662902494331068,0,
29.66294784580499,0,
29.66299319727891,0,
29.663038548752834,0,
29.663083900226756,0,
29.66312925170068,0,
29.663174603174603,0,
29.663219954648525,0,
29.663265306122447,0,
29.663310657596373,0,
29.663356009070295,0,
29.663401360544217,0,
29.66344671201814,0,
29.663492063492065,0,
29.663537414965987,0,
29.66358276643991,0,
29.66362811791383,0,
29.663673469387756,0,
29.66371882086168,0,
29.6637641723356,0,
29.663809523809523,0,
29.663854875283448,0,
29.66390022675737,0,
29.663945578231292,0,
29.663990929705214,0,
29.66403628117914,0,
29.664081632653062,0,
29.664126984126984,0,
29.664172335600906,0,
29.66421768707483,0,
29.664263038548754,0,
29.664308390022676,0,
29.664353741496598,0,
29.664399092970523,0,
29.664444444444445,0,
29.664489795918367,0,
29.66453514739229,0,
29.66458049886621,0,
29.664625850340137,0,
29.66467120181406,0,
29.66471655328798,0,
29.664761904761903,0,
29.66480725623583,0,
29.66485260770975,0,
29.664897959183673,0,
29.664943310657595,0,
29.66498866213152,0,
29.665034013605442,0,
29.665079365079364,0,
29.665124716553287,0,
29.665170068027212,0,
29.665215419501134,0,
29.665260770975056,0,
29.66530612244898,0,
29.665351473922904,0,
29.665396825396826,0,
29.665442176870748,0,
29.66548752834467,0,
29.665532879818596,0,
29.665578231292518,0,
29.66562358276644,0,
29.66566893424036,0,
29.665714285714287,0,
29.66575963718821,0,
29.66580498866213,0,
29.665850340136053,0,
29.66589569160998,0,
29.6659410430839,0,
29.665986394557823,0,
29.666031746031745,0,
29.66607709750567,0,
29.666122448979593,0,
29.666167800453515,0,
29.666213151927437,0,
29.66625850340136,0,
29.666303854875284,0,
29.666349206349206,0,
29.66639455782313,0,
29.66643990929705,0,
29.666485260770976,0,
29.666530612244898,0,
29.66657596371882,0,
29.666621315192742,0,
29.666666666666668,0,
29.66671201814059,0,
29.666757369614512,0,
29.666802721088434,0,
29.66684807256236,0,
29.66689342403628,0,
29.666938775510204,0,
29.666984126984126,0,
29.66702947845805,0,
29.667074829931973,0,
29.667120181405895,0,
29.667165532879817,0,
29.667210884353743,0,
29.667256235827665,0,
29.667301587301587,0,
29.66734693877551,0,
29.667392290249435,0,
29.667437641723357,0,
29.66748299319728,0,
29.6675283446712,0,
29.667573696145126,0,
29.66761904761905,0,
29.66766439909297,0,
29.667709750566893,0,
29.667755102040815,0,
29.66780045351474,0,
29.667845804988662,0,
29.667891156462584,0,
29.667936507936506,0,
29.667981859410432,0,
29.668027210884354,0,
29.668072562358276,0,
29.668117913832198,0,
29.668163265306124,0,
29.668208616780046,0,
29.668253968253968,0,
29.66829931972789,0,
29.668344671201815,0,
29.668390022675737,0,
29.66843537414966,0,
29.66848072562358,0,
29.668526077097507,0,
29.66857142857143,0,
29.66861678004535,0,
29.668662131519273,0,
29.6687074829932,0,
29.66875283446712,0,
29.668798185941043,0,
29.668843537414965,0,
29.66888888888889,0,
29.668934240362812,0,
29.668979591836734,0,
29.669024943310657,0,
29.669070294784582,0,
29.669115646258504,0,
29.669160997732426,0,
29.66920634920635,0,
29.669251700680274,0,
29.669297052154196,0,
29.669342403628118,0,
29.66938775510204,0,
29.669433106575962,0,
29.669478458049888,0,
29.66952380952381,0,
29.66956916099773,0,
29.669614512471654,0,
29.66965986394558,0,
29.6697052154195,0,
29.669750566893423,0,
29.669795918367345,0,
29.66984126984127,0,
29.669886621315193,0,
29.669931972789115,0,
29.669977324263037,0,
29.670022675736963,0,
29.670068027210885,0,
29.670113378684807,0,
29.67015873015873,0,
29.670204081632654,0,
29.670249433106576,0,
29.6702947845805,0,
29.67034013605442,0,
29.670385487528346,0,
29.670430839002268,0,
29.67047619047619,0,
29.670521541950112,0,
29.670566893424038,0,
29.67061224489796,0,
29.670657596371882,0,
29.670702947845804,0,
29.67074829931973,0,
29.67079365079365,0,
29.670839002267574,0,
29.670884353741496,0,
29.670929705215418,0,
29.670975056689343,0,
29.671020408163265,0,
29.671065759637187,0,
29.67111111111111,0,
29.671156462585035,0,
29.671201814058957,0,
29.67124716553288,0,
29.6712925170068,0,
29.671337868480727,0,
29.67138321995465,0,
29.67142857142857,0,
29.671473922902493,0,
29.67151927437642,0,
29.67156462585034,0,
29.671609977324263,0,
29.671655328798185,0,
29.67170068027211,0,
29.671746031746032,0,
29.671791383219954,0,
29.671836734693876,0,
29.671882086167802,0,
29.671927437641724,0,
29.671972789115646,0,
29.672018140589568,0,
29.672063492063494,0,
29.672108843537416,0,
29.672154195011338,0,
29.67219954648526,0,
29.672244897959185,0,
29.672290249433107,0,
29.67233560090703,0,
29.67238095238095,0,
29.672426303854877,0,
29.6724716553288,0,
29.67251700680272,0,
29.672562358276643,0,
29.672607709750565,0,
29.67265306122449,0,
29.672698412698413,0,
29.672743764172335,0,
29.672789115646257,0,
29.672834467120182,0,
29.672879818594105,0,
29.672925170068027,0,
29.67297052154195,0,
29.673015873015874,0,
29.673061224489796,0,
29.67310657596372,0,
29.67315192743764,0,
29.673197278911566,0,
29.673242630385488,0,
29.67328798185941,0,
29.673333333333332,0,
29.673378684807258,0,
29.67342403628118,0,
29.6734693877551,0,
29.673514739229024,0,
29.67356009070295,0,
29.67360544217687,0,
29.673650793650793,0,
29.673696145124715,0,
29.67374149659864,0,
29.673786848072563,0,
29.673832199546485,0,
29.673877551020407,0,
29.673922902494333,0,
29.673968253968255,0,
29.674013605442177,0,
29.6740589569161,0,
29.674104308390024,0,
29.674149659863946,0,
29.67419501133787,0,
29.67424036281179,0,
29.674285714285713,0,
29.674331065759638,0,
29.67437641723356,0,
29.674421768707482,0,
29.674467120181404,0,
29.67451247165533,0,
29.674557823129252,0,
29.674603174603174,0,
29.674648526077096,0,
29.67469387755102,0,
29.674739229024944,0,
29.674784580498866,0,
29.674829931972788,0,
29.674875283446713,0,
29.674920634920635,0,
29.674965986394557,0,
29.67501133786848,0,
29.675056689342405,0,
29.675102040816327,0,
29.67514739229025,0,
29.67519274376417,0,
29.675238095238097,0,
29.67528344671202,0,
29.67532879818594,0,
29.675374149659863,0,
29.67541950113379,0,
29.67546485260771,0,
29.675510204081633,0,
29.675555555555555,0,
29.67560090702948,0,
29.675646258503402,0,
29.675691609977324,0,
29.675736961451246,0,
29.67578231292517,0,
29.675827664399094,0,
29.675873015873016,0,
29.675918367346938,0,
29.67596371882086,0,
29.676009070294786,0,
29.676054421768708,0,
29.67609977324263,0,
29.67614512471655,0,
29.676190476190477,0,
29.6762358276644,0,
29.67628117913832,0,
29.676326530612243,0,
29.67637188208617,0,
29.67641723356009,0,
29.676462585034013,0,
29.676507936507935,0,
29.67655328798186,0,
29.676598639455783,0,
29.676643990929705,0,
29.676689342403627,0,
29.676734693877552,0,
29.676780045351475,0,
29.676825396825397,0,
29.67687074829932,0,
29.676916099773244,0,
29.676961451247166,0,
29.67700680272109,0,
29.67705215419501,0,
29.677097505668936,0,
29.677142857142858,0,
29.67718820861678,0,
29.677233560090702,0,
29.677278911564628,0,
29.67732426303855,0,
29.67736961451247,0,
29.677414965986394,0,
29.677460317460316,0,
29.67750566893424,0,
29.677551020408163,0,
29.677596371882085,0,
29.677641723356007,0,
29.677687074829933,0,
29.677732426303855,0,
29.677777777777777,0,
29.6778231292517,0,
29.677868480725625,0,
29.677913832199547,0,
29.67795918367347,0,
29.67800453514739,0,
29.678049886621316,0,
29.67809523809524,0,
29.67814058956916,0,
29.678185941043083,0,
29.678231292517008,0,
29.67827664399093,0,
29.678321995464852,0,
29.678367346938774,0,
29.6784126984127,0,
29.678458049886622,0,
29.678503401360544,0,
29.678548752834466,0,
29.67859410430839,0,
29.678639455782314,0,
29.678684807256236,0,
29.678730158730158,0,
29.678775510204083,0,
29.678820861678005,0,
29.678866213151927,0,
29.67891156462585,0,
29.67895691609977,0,
29.679002267573697,0,
29.67904761904762,0,
29.67909297052154,0,
29.679138321995463,0,
29.67918367346939,0,
29.67922902494331,0,
29.679274376417233,0,
29.679319727891155,0,
29.67936507936508,0,
29.679410430839003,0,
29.679455782312925,0,
29.679501133786847,0,
29.679546485260772,0,
29.679591836734694,0,
29.679637188208616,0,
29.67968253968254,0,
29.679727891156464,0,
29.679773242630386,0,
29.679818594104308,0,
29.67986394557823,0,
29.679909297052156,0,
29.679954648526078,0,
29.68,0,
29.68004535147392,0,
29.680090702947847,0,
29.68013605442177,0,
29.68018140589569,0,
29.680226757369613,0,
29.68027210884354,0,
29.68031746031746,0,
29.680362811791383,0,
29.680408163265305,0,
29.68045351473923,0,
29.680498866213153,0,
29.680544217687075,0,
29.680589569160997,0,
29.68063492063492,0,
29.680680272108845,0,
29.680725623582767,0,
29.68077097505669,0,
29.68081632653061,0,
29.680861678004536,0,
29.68090702947846,0,
29.68095238095238,0,
29.680997732426302,0,
29.681043083900228,0,
29.68108843537415,0,
29.681133786848072,0,
29.681179138321994,0,
29.68122448979592,0,
29.68126984126984,0,
29.681315192743764,0,
29.681360544217686,0,
29.68140589569161,0,
29.681451247165533,0,
29.681496598639455,0,
29.681541950113377,0,
29.681587301587303,0,
29.681632653061225,0,
29.681678004535147,0,
29.68172335600907,0,
29.681768707482995,0,
29.681814058956917,0,
29.68185941043084,0,
29.68190476190476,0,
29.681950113378686,0,
29.68199546485261,0,
29.68204081632653,0,
29.682086167800453,0,
29.682131519274375,0,
29.6821768707483,0,
29.682222222222222,0,
29.682267573696144,0,
29.682312925170066,0,
29.682358276643992,0,
29.682403628117914,0,
29.682448979591836,0,
29.682494331065758,0,
29.682539682539684,0,
29.682585034013606,0,
29.682630385487528,0,
29.68267573696145,0,
29.682721088435375,0,
29.682766439909297,0,
29.68281179138322,0,
29.68285714285714,0,
29.682902494331067,0,
29.68294784580499,0,
29.68299319727891,0,
29.683038548752833,0,
29.68308390022676,0,
29.68312925170068,0,
29.683174603174603,0,
29.683219954648525,0,
29.68326530612245,0,
29.683310657596373,0,
29.683356009070295,0,
29.683401360544217,0,
29.683446712018142,0,
29.683492063492064,0,
29.683537414965986,0,
29.68358276643991,0,
29.683628117913834,0,
29.683673469387756,0,
29.683718820861678,0,
29.6837641723356,0,
29.683809523809522,0,
29.683854875283448,0,
29.68390022675737,0,
29.68394557823129,0,
29.683990929705214,0,
29.68403628117914,0,
29.68408163265306,0,
29.684126984126983,0,
29.684172335600906,0,
29.68421768707483,0,
29.684263038548753,0,
29.684308390022675,0,
29.684353741496597,0,
29.684399092970523,0,
29.684444444444445,0,
29.684489795918367,0,
29.68453514739229,0,
29.684580498866215,0,
29.684625850340137,0,
29.68467120181406,0,
29.68471655328798,0,
29.684761904761906,0,
29.68480725623583,0,
29.68485260770975,0,
29.684897959183672,0,
29.684943310657598,0,
29.68498866213152,0,
29.685034013605442,0,
29.685079365079364,0,
29.68512471655329,0,
29.68517006802721,0,
29.685215419501134,0,
29.685260770975056,0,
29.685306122448978,0,
29.685351473922903,0,
29.685396825396825,0,
29.685442176870747,0,
29.68548752834467,0,
29.685532879818595,0,
29.685578231292517,0,
29.68562358276644,0,
29.68566893424036,0,
29.685714285714287,0,
29.68575963718821,0,
29.68580498866213,0,
29.685850340136053,0,
29.68589569160998,0,
29.6859410430839,0,
29.685986394557823,0,
29.686031746031745,0,
29.68607709750567,0,
29.686122448979592,0,
29.686167800453514,0,
29.686213151927436,0,
29.686258503401362,0,
29.686303854875284,0,
29.686349206349206,0,
29.686394557823128,0,
29.686439909297054,0,
29.686485260770976,0,
29.686530612244898,0,
29.68657596371882,0,
29.686621315192745,0,
29.686666666666667,0,
29.68671201814059,0,
29.68675736961451,0,
29.686802721088437,0,
29.68684807256236,0,
29.68689342403628,0,
29.686938775510203,0,
29.686984126984125,0,
29.68702947845805,0,
29.687074829931973,0,
29.687120181405895,0,
29.687165532879817,0,
29.687210884353743,0,
29.687256235827665,0,
29.687301587301587,0,
29.68734693877551,0,
29.687392290249434,0,
29.687437641723356,0,
29.68748299319728,0,
29.6875283446712,0,
29.687573696145126,0,
29.687619047619048,0,
29.68766439909297,0,
29.687709750566892,0,
29.687755102040818,0,
29.68780045351474,0,
29.68784580498866,0,
29.687891156462584,0,
29.68793650793651,0,
29.68798185941043,0,
29.688027210884353,0,
29.688072562358276,0,
29.6881179138322,0,
29.688163265306123,0,
29.688208616780045,0,
29.688253968253967,0,
29.688299319727893,0,
29.688344671201815,0,
29.688390022675737,0,
29.68843537414966,0,
29.688480725623585,0,
29.688526077097507,0,
29.68857142857143,0,
29.68861678004535,0,
29.688662131519273,0,
29.6887074829932,0,
29.68875283446712,0,
29.688798185941042,0,
29.688843537414964,0,
29.68888888888889,0,
29.688934240362812,0,
29.688979591836734,0,
29.689024943310656,0,
29.68907029478458,0,
29.689115646258504,0,
29.689160997732426,0,
29.689206349206348,0,
29.689251700680273,0,
29.689297052154195,0,
29.689342403628117,0,
29.68938775510204,0,
29.689433106575965,0,
29.689478458049887,0,
29.68952380952381,0,
29.68956916099773,0,
29.689614512471657,0,
29.68965986394558,0,
29.6897052154195,0,
29.689750566893423,0,
29.68979591836735,0,
29.68984126984127,0,
29.689886621315193,0,
29.689931972789115,0,
29.68997732426304,0,
29.690022675736962,0,
29.690068027210884,0,
29.690113378684806,0,
29.69015873015873,0,
29.690204081632654,0,
29.690249433106576,0,
29.690294784580498,0,
29.69034013605442,0,
29.690385487528346,0,
29.690430839002268,0,
29.69047619047619,0,
29.690521541950112,0,
29.690566893424037,0,
29.69061224489796,0,
29.69065759637188,0,
29.690702947845804,0,
29.69074829931973,0,
29.69079365079365,0,
29.690839002267573,0,
29.690884353741495,0,
29.69092970521542,0,
29.690975056689343,0,
29.691020408163265,0,
29.691065759637187,0,
29.691111111111113,0,
29.691156462585035,0,
29.691201814058957,0,
29.69124716553288,0,
29.691292517006804,0,
29.691337868480726,0,
29.69138321995465,0,
29.69142857142857,0,
29.691473922902496,0,
29.691519274376418,0,
29.69156462585034,0,
29.691609977324262,0,
29.691655328798188,0,
29.69170068027211,0,
29.69174603174603,0,
29.691791383219954,0,
29.691836734693876,0,
29.6918820861678,0,
29.691927437641723,0,
29.691972789115646,0,
29.692018140589568,0,
29.692063492063493,0,
29.692108843537415,0,
29.692154195011337,0,
29.69219954648526,0,
29.692244897959185,0,
29.692290249433107,0,
29.69233560090703,0,
29.69238095238095,0,
29.692426303854877,0,
29.6924716553288,0,
29.69251700680272,0,
29.692562358276643,0,
29.69260770975057,0,
29.69265306122449,0,
29.692698412698412,0,
29.692743764172334,0,
29.69278911564626,0,
29.692834467120182,0,
29.692879818594104,0,
29.692925170068026,0,
29.69297052154195,0,
29.693015873015874,0,
29.693061224489796,0,
29.693106575963718,0,
29.693151927437643,0,
29.693197278911565,0,
29.693242630385488,0,
29.69328798185941,0,
29.69333333333333,0,
29.693378684807257,0,
29.69342403628118,0,
29.6934693877551,0,
29.693514739229023,0,
29.69356009070295,0,
29.69360544217687,0,
29.693650793650793,0,
29.693696145124715,0,
29.69374149659864,0,
29.693786848072563,0,
29.693832199546485,0,
29.693877551020407,0,
29.693922902494332,0,
29.693968253968254,0,
29.694013605442176,0,
29.6940589569161,0,
29.694104308390024,0,
29.694149659863946,0,
29.694195011337868,0,
29.69424036281179,0,
29.694285714285716,0,
29.694331065759638,0,
29.69437641723356,0,
29.694421768707482,0,
29.694467120181407,0,
29.69451247165533,0,
29.69455782312925,0,
29.694603174603174,0,
29.6946485260771,0,
29.69469387755102,0,
29.694739229024943,0,
29.694784580498865,0,
29.69482993197279,0,
29.694875283446713,0,
29.694920634920635,0,
29.694965986394557,0,
29.69501133786848,0,
29.695056689342405,0,
29.695102040816327,0,
29.69514739229025,0,
29.69519274376417,0,
29.695238095238096,0,
29.69528344671202,0,
29.69532879818594,0,
29.695374149659862,0,
29.695419501133788,0,
29.69546485260771,0,
29.695510204081632,0,
29.695555555555554,0,
29.69560090702948,0,
29.695646258503402,0,
29.695691609977324,0,
29.695736961451246,0,
29.69578231292517,0,
29.695827664399093,0,
29.695873015873016,0,
29.695918367346938,0,
29.695963718820863,0,
29.696009070294785,0,
29.696054421768707,0,
29.69609977324263,0,
29.696145124716555,0,
29.696190476190477,0,
29.6962358276644,0,
29.69628117913832,0,
29.696326530612247,0,
29.69637188208617,0,
29.69641723356009,0,
29.696462585034013,0,
29.696507936507935,0,
29.69655328798186,0,
29.696598639455782,0,
29.696643990929704,0,
29.696689342403626,0,
29.696734693877552,0,
29.696780045351474,0,
29.696825396825396,0,
29.696870748299318,0,
29.696916099773244,0,
29.696961451247166,0,
29.697006802721088,0,
29.69705215419501,0,
29.697097505668935,0,
29.697142857142858,0,
29.69718820861678,0,
29.6972335600907,0,
29.697278911564627,0,
29.69732426303855,0,
29.69736961451247,0,
29.697414965986393,0,
29.69746031746032,0,
29.69750566893424,0,
29.697551020408163,0,
29.697596371882085,0,
29.69764172335601,0,
29.697687074829933,0,
29.697732426303855,0,
29.697777777777777,0,
29.697823129251702,0,
29.697868480725624,0,
29.697913832199546,0,
29.69795918367347,0,
29.698004535147394,0,
29.698049886621316,0,
29.698095238095238,0,
29.69814058956916,0,
29.698185941043082,0,
29.698231292517008,0,
29.69827664399093,0,
29.698321995464852,0,
29.698367346938774,0,
29.6984126984127,0,
29.69845804988662,0,
29.698503401360544,0,
29.698548752834466,0,
29.69859410430839,0,
29.698639455782313,0,
29.698684807256235,0,
29.698730158730157,0,
29.698775510204083,0,
29.698820861678005,0,
29.698866213151927,0,
29.69891156462585,0,
29.698956916099775,0,
29.699002267573697,0,
29.69904761904762,0,
29.69909297052154,0,
29.699138321995466,0,
29.69918367346939,0,
29.69922902494331,0,
29.699274376417232,0,
29.699319727891158,0,
29.69936507936508,0,
29.699410430839002,0,
29.699455782312924,0,
29.69950113378685,0,
29.699546485260772,0,
29.699591836734694,0,
29.699637188208616,0,
29.699682539682538,0,
29.699727891156463,0,
29.699773242630386,0,
29.699818594104308,0,
29.69986394557823,0,
29.699909297052155,0,
29.699954648526077,0,
29.7,0,
29.70004535147392,0,
29.700090702947847,0,
29.70013605442177,0,
29.70018140589569,0,
29.700226757369613,0,
29.70027210884354,0,
29.70031746031746,0,
29.700362811791383,0,
29.700408163265305,0,
29.70045351473923,0,
29.700498866213152,0,
29.700544217687074,0,
29.700589569160996,0,
29.700634920634922,0,
29.700680272108844,0,
29.700725623582766,0,
29.700770975056688,0,
29.700816326530614,0,
29.700861678004536,0,
29.700907029478458,0,
29.70095238095238,0,
29.700997732426305,0,
29.701043083900228,0,
29.70108843537415,0,
29.70113378684807,0,
29.701179138321997,0,
29.70122448979592,0,
29.70126984126984,0,
29.701315192743763,0,
29.701360544217685,0,
29.70140589569161,0,
29.701451247165533,0,
29.701496598639455,0,
29.701541950113377,0,
29.701587301587303,0,
29.701632653061225,0,
29.701678004535147,0,
29.70172335600907,0,
29.701768707482994,0,
29.701814058956916,0,
29.70185941043084,0,
29.70190476190476,0,
29.701950113378686,0,
29.701995464852608,0,
29.70204081632653,0,
29.702086167800452,0,
29.702131519274378,0,
29.7021768707483,0,
29.702222222222222,0,
29.702267573696144,0,
29.70231292517007,0,
29.70235827664399,0,
29.702403628117914,0,
29.702448979591836,0,
29.70249433106576,0,
29.702539682539683,0,
29.702585034013605,0,
29.702630385487527,0,
29.702675736961453,0,
29.702721088435375,0,
29.702766439909297,0,
29.70281179138322,0,
29.702857142857145,0,
29.702902494331067,0,
29.70294784580499,0,
29.70299319727891,0,
29.703038548752833,0,
29.70308390022676,0,
29.70312925170068,0,
29.703174603174602,0,
29.703219954648524,0,
29.70326530612245,0,
29.703310657596372,0,
29.703356009070294,0,
29.703401360544216,0,
29.703446712018142,0,
29.703492063492064,0,
29.703537414965986,0,
29.703582766439908,0,
29.703628117913834,0,
29.703673469387756,0,
29.703718820861678,0,
29.7037641723356,0,
29.703809523809525,0,
29.703854875283447,0,
29.70390022675737,0,
29.70394557823129,0,
29.703990929705217,0,
29.70403628117914,0,
29.70408163265306,0,
29.704126984126983,0,
29.70417233560091,0,
29.70421768707483,0,
29.704263038548753,0,
29.704308390022675,0,
29.7043537414966,0,
29.704399092970522,0,
29.704444444444444,0,
29.704489795918366,0,
29.70453514739229,0,
29.704580498866214,0,
29.704625850340136,0,
29.704671201814058,0,
29.70471655328798,0,
29.704761904761906,0,
29.704807256235828,0,
29.70485260770975,0,
29.704897959183672,0,
29.704943310657598,0,
29.70498866213152,0,
29.70503401360544,0,
29.705079365079364,0,
29.70512471655329,0,
29.70517006802721,0,
29.705215419501133,0,
29.705260770975055,0,
29.70530612244898,0,
29.705351473922903,0,
29.705396825396825,0,
29.705442176870747,0,
29.705487528344673,0,
29.705532879818595,0,
29.705578231292517,0,
29.70562358276644,0,
29.705668934240364,0,
29.705714285714286,0,
29.70575963718821,0,
29.70580498866213,0,
29.705850340136056,0,
29.705895691609978,0,
29.7059410430839,0,
29.705986394557822,0,
29.706031746031748,0,
29.70607709750567,0,
29.706122448979592,0,
29.706167800453514,0,
29.706213151927436,0,
29.70625850340136,0,
29.706303854875284,0,
29.706349206349206,0,
29.706394557823128,0,
29.706439909297053,0,
29.706485260770975,0,
29.706530612244897,0,
29.70657596371882,0,
29.706621315192745,0,
29.706666666666667,0,
29.70671201814059,0,
29.70675736961451,0,
29.706802721088437,0,
29.70684807256236,0,
29.70689342403628,0,
29.706938775510203,0,
29.70698412698413,0,
29.70702947845805,0,
29.707074829931972,0,
29.707120181405894,0,
29.70716553287982,0,
29.707210884353742,0,
29.707256235827664,0,
29.707301587301586,0,
29.707346938775512,0,
29.707392290249434,0,
29.707437641723356,0,
29.707482993197278,0,
29.707528344671204,0,
29.707573696145126,0,
29.707619047619048,0,
29.70766439909297,0,
29.70770975056689,0,
29.707755102040817,0,
29.70780045351474,0,
29.70784580498866,0,
29.707891156462583,0,
29.70793650793651,0,
29.70798185941043,0,
29.708027210884353,0,
29.708072562358275,0,
29.7081179138322,0,
29.708163265306123,0,
29.708208616780045,0,
29.708253968253967,0,
29.708299319727892,0,
29.708344671201814,0,
29.708390022675736,0,
29.70843537414966,0,
29.708480725623584,0,
29.708526077097506,0,
29.708571428571428,0,
29.70861678004535,0,
29.708662131519276,0,
29.708707482993198,0,
29.70875283446712,0,
29.708798185941042,0,
29.708843537414968,0,
29.70888888888889,0,
29.70893424036281,0,
29.708979591836734,0,
29.70902494331066,0,
29.70907029478458,0,
29.709115646258503,0,
29.709160997732425,0,
29.70920634920635,0,
29.709251700680273,0,
29.709297052154195,0,
29.709342403628117,0,
29.70938775510204,0,
29.709433106575965,0,
29.709478458049887,0,
29.70952380952381,0,
29.70956916099773,0,
29.709614512471656,0,
29.70965986394558,0,
29.7097052154195,0,
29.709750566893423,0,
29.709795918367348,0,
29.70984126984127,0,
29.709886621315192,0,
29.709931972789114,0,
29.70997732426304,0,
29.710022675736962,0,
29.710068027210884,0,
29.710113378684806,0,
29.71015873015873,0,
29.710204081632654,0,
29.710249433106576,0,
29.710294784580498,0,
29.710340136054423,0,
29.710385487528345,0,
29.710430839002267,0,
29.71047619047619,0,
29.710521541950115,0,
29.710566893424037,0,
29.71061224489796,0,
29.71065759637188,0,
29.710702947845807,0,
29.71074829931973,0,
29.71079365079365,0,
29.710839002267573,0,
29.710884353741495,0,
29.71092970521542,0,
29.710975056689342,0,
29.711020408163265,0,
29.711065759637187,0,
29.711111111111112,0,
29.711156462585034,0,
29.711201814058956,0,
29.71124716553288,0,
29.711292517006804,0,
29.711337868480726,0,
29.711383219954648,0,
29.71142857142857,0,
29.711473922902496,0,
29.711519274376418,0,
29.71156462585034,0,
29.71160997732426,0,
29.711655328798187,0,
29.71170068027211,0,
29.71174603174603,0,
29.711791383219953,0,
29.71183673469388,0,
29.7118820861678,0,
29.711927437641723,0,
29.711972789115645,0,
29.71201814058957,0,
29.712063492063493,0,
29.712108843537415,0,
29.712154195011337,0,
29.712199546485262,0,
29.712244897959184,0,
29.712290249433106,0,
29.71233560090703,0,
29.712380952380954,0,
29.712426303854876,0,
29.712471655328798,0,
29.71251700680272,0,
29.712562358276642,0,
29.712607709750568,0,
29.71265306122449,0,
29.712698412698412,0,
29.712743764172334,0,
29.71278911564626,0,
29.71283446712018,0,
29.712879818594104,0,
29.712925170068026,0,
29.71297052154195,0,
29.713015873015873,0,
29.713061224489795,0,
29.713106575963717,0,
29.713151927437643,0,
29.713197278911565,0,
29.713242630385487,0,
29.71328798185941,0,
29.713333333333335,0,
29.713378684807257,0,
29.71342403628118,0,
29.7134693877551,0,
29.713514739229026,0,
29.71356009070295,0,
29.71360544217687,0,
29.713650793650793,0,
29.713696145124718,0,
29.71374149659864,0,
29.713786848072562,0,
29.713832199546484,0,
29.71387755102041,0,
29.713922902494332,0,
29.713968253968254,0,
29.714013605442176,0,
29.714058956916098,0,
29.714104308390024,0,
29.714149659863946,0,
29.714195011337868,0,
29.71424036281179,0,
29.714285714285715,0,
29.714331065759637,0,
29.71437641723356,0,
29.71442176870748,0,
29.714467120181407,0,
29.71451247165533,0,
29.71455782312925,0,
29.714603174603173,0,
29.7146485260771,0,
29.71469387755102,0,
29.714739229024943,0,
29.714784580498865,0,
29.71482993197279,0,
29.714875283446712,0,
29.714920634920635,0,
29.714965986394557,0,
29.715011337868482,0,
29.715056689342404,0,
29.715102040816326,0,
29.71514739229025,0,
29.715192743764174,0,
29.715238095238096,0,
29.715283446712018,0,
29.71532879818594,0,
29.715374149659866,0,
29.715419501133788,0,
29.71546485260771,0,
29.71551020408163,0,
29.715555555555557,0,
29.71560090702948,0,
29.7156462585034,0,
29.715691609977323,0,
29.715736961451245,0,
29.71578231292517,0,
29.715827664399093,0,
29.715873015873015,0,
29.715918367346937,0,
29.715963718820863,0,
29.716009070294785,0,
29.716054421768707,0,
29.71609977324263,0,
29.716145124716554,0,
29.716190476190476,0,
29.7162358276644,0,
29.71628117913832,0,
29.716326530612246,0,
29.716371882086168,0,
29.71641723356009,0,
29.716462585034012,0,
29.716507936507938,0,
29.71655328798186,0,
29.716598639455782,0,
29.716643990929704,0,
29.71668934240363,0,
29.71673469387755,0,
29.716780045351474,0,
29.716825396825396,0,
29.71687074829932,0,
29.716916099773243,0,
29.716961451247165,0,
29.717006802721087,0,
29.717052154195013,0,
29.717097505668935,0,
29.717142857142857,0,
29.71718820861678,0,
29.717233560090705,0,
29.717278911564627,0,
29.71732426303855,0,
29.71736961451247,0,
29.717414965986393,0,
29.71746031746032,0,
29.71750566893424,0,
29.717551020408163,0,
29.717596371882085,0,
29.71764172335601,0,
29.717687074829932,0,
29.717732426303854,0,
29.717777777777776,0,
29.717823129251702,0,
29.717868480725624,0,
29.717913832199546,0,
29.717959183673468,0,
29.718004535147394,0,
29.718049886621316,0,
29.718095238095238,0,
29.71814058956916,0,
29.718185941043085,0,
29.718231292517007,0,
29.71827664399093,0,
29.71832199546485,0,
29.718367346938777,0,
29.7184126984127,0,
29.71845804988662,0,
29.718503401360543,0,
29.71854875283447,0,
29.71859410430839,0,
29.718639455782313,0,
29.718684807256235,0,
29.71873015873016,0,
29.718775510204082,0,
29.718820861678005,0,
29.718866213151927,0,
29.71891156462585,0,
29.718956916099774,0,
29.719002267573696,0,
29.71904761904762,0,
29.71909297052154,0,
29.719138321995466,0,
29.719183673469388,0,
29.71922902494331,0,
29.719274376417232,0,
29.719319727891158,0,
29.71936507936508,0,
29.719410430839,0,
29.719455782312924,0,
29.71950113378685,0,
29.71954648526077,0,
29.719591836734693,0,
29.719637188208615,0,
29.71968253968254,0,
29.719727891156463,0,
29.719773242630385,0,
29.719818594104307,0,
29.719863945578233,0,
29.719909297052155,0,
29.719954648526077,0,
29.72,0,
29.720045351473924,0,
29.720090702947846,0,
29.72013605442177,0,
29.72018140589569,0,
29.720226757369616,0,
29.720272108843538,0,
29.72031746031746,0,
29.720362811791382,0,
29.720408163265308,0,
29.72045351473923,0,
29.720498866213152,0,
29.720544217687074,0,
29.720589569160996,0,
29.72063492063492,0,
29.720680272108844,0,
29.720725623582766,0,
29.720770975056688,0,
29.720816326530613,0,
29.720861678004535,0,
29.720907029478457,0,
29.72095238095238,0,
29.720997732426305,0,
29.721043083900227,0,
29.72108843537415,0,
29.72113378684807,0,
29.721179138321997,0,
29.72122448979592,0,
29.72126984126984,0,
29.721315192743763,0,
29.72136054421769,0,
29.72140589569161,0,
29.721451247165533,0,
29.721496598639455,0,
29.72154195011338,0,
